transaction_id,High,Low,Medium,expected_order
002b9f71-04f1-5937-9c16-3470136dd6dc,34.735521,59.558783,47.279159,True
006ca6d7-2113-5e40-8812-de583cc5c117,35.192886,59.519256,48.003524,True
006ec7c4-7bbd-55ba-9138-807e1c4c988e,36.525243,58.628935,46.216302,True
0087127e-c89f-572e-972a-057dd92716c6,32.302378,51.480569,40.907439,True
011ecbf6-dc71-5b19-b123-7c2fb2411afa,34.016948,56.292347,46.997789,True
01440b5a-8496-54c3-acb3-e315e21312d5,32.080032,50.804875,40.944555,True
01c21ab9-0508-5411-a641-0f98dacce6ba,30.659332,52.632105,40.643008,True
027edc78-b22f-5a49-8bea-93a58d26fd20,20.522681,37.720026,27.884205,True
02f15c4d-03d8-5ae0-8951-33b67a411614,21.638728,39.44726,28.885096,True
030ad86f-64cb-5dc0-b815-5c6c312ed82a,30.98147,50.496427,41.697494,True
0312ed91-0dbc-53d9-9595-9a0bb2c6ad4c,24.249899,41.019319,31.195826,True
0331c0ca-4ed3-5b7e-9af1-ea42c5f3eea7,20.584487,35.328827,28.191534,True
034ace7a-2692-5f1c-b3e6-e789af5d2944,34.49264,59.85752,44.567274,True
03772058-7cd6-5f74-aea1-f5639c71f661,34.731139,59.610018,45.675302,True
03800b45-8301-53c2-9f30-6b7dd80497ae,21.161629,31.401046,27.246777,True
03c2d846-b2d7-57e1-8ffc-2c800782ab44,27.190341,42.573071,37.59729,True
04147f2c-067b-5551-99e6-2a9106a91ad3,21.250065,35.748624,27.548608,True
044c92c1-f354-5ff1-b135-2fda326aba5d,35.492888,57.666637,47.761104,True
048c2934-3022-5d0d-a6ea-c03796b449ed,28.174795,45.633336,36.958512,True
05089c32-86d3-566e-8442-8504f02a4fdf,24.204766,39.51519,33.547559,True
052c87ae-edb7-509d-ad69-c6647c7988eb,31.480106,51.042453,40.121395,True
0531499a-3c32-5e9e-a341-4315f9e6ccf4,34.18875,57.113029,44.596166,True
056650cb-a96b-5432-815e-2fcc7faddedd,31.488615,51.421558,40.377996,True
05fbb944-dcb6-57f8-b0a9-9028d6250294,32.861591,51.296114,41.068831,True
060ffd69-8ab6-5349-a202-db2e986ce3b8,34.075977,57.117874,44.450174,True
070e8076-9505-57fa-9781-f3f170b49d1c,36.986262,58.010082,43.985017,True
077472d9-90f6-5173-aaeb-5fa51f9684f5,34.133379,57.530325,43.769847,True
07960d88-70bc-5a15-bc6d-8b89673096e9,28.038303,48.015214,36.260674,True
07b89b9e-50a4-5022-8e6d-b89b3f761a1c,29.875414,44.096905,35.731551,True
082079e6-26f0-5c4a-88c0-058ade7de1c8,31.983782,52.912644,40.30579,True
08b6ccb9-f02d-50fb-b837-bcda2a1486b0,36.700276,57.855716,46.18846,True
08d70150-f884-57a0-933c-1f31c5bcee5f,27.420095,46.868344,38.250091,True
092b61d7-aa22-505b-add5-4f5b5d3a74d7,25.128322,39.552689,31.253999,True
096b21bc-bbb4-5254-b3e5-e130aff24b8f,33.040349,53.203791,40.5154,True
09ac347b-27bc-511e-b961-ac76c23466ef,21.808168,35.080446,28.039591,True
0a3f3df4-0b7b-54d1-af8d-ddb185924247,21.215788,33.391872,28.118014,True
0a621106-076a-5b26-9318-2ee62727e903,20.49485,32.865745,26.556575,True
0a70e6cc-59dd-5d07-beff-0e3313451a1b,24.14003,41.575281,30.994726,True
0a867ee4-d35f-5013-a1a6-110ac16ed1a1,21.225072,32.144327,27.408373,True
0ab40aab-3aaf-5c69-844a-986afe70651d,34.709768,55.992337,47.416098,True
0b09dc7b-5678-5f2c-85d5-aae0d3822444,37.382746,58.074827,44.231505,True
0b1b6c93-e198-5fe7-8c52-ce99b8aa8761,29.37451,43.432928,39.216224,True
0ba231bc-5c82-5feb-a1e8-c4074ee665f2,20.728207,36.776397,27.901964,True
0bd78f65-b6c9-5916-8278-ccecc0039ab2,20.465832,33.431226,27.521194,True
0bdb3baa-dd01-5350-90a7-4d8ca40094a2,25.198903,39.962074,31.465343,True
0ca950b2-a3e8-556d-92b0-6dcc731da193,31.238993,52.936157,40.429323,True
0d16b314-ccdd-53d5-91dc-8cead500f4c4,29.495682,46.413155,37.413018,True
0d72aa38-cac4-521a-9625-5e0d947720f7,20.76558,33.259435,27.560799,True
0d7abbb4-76d9-502c-a2c5-a9575d2221c7,21.649278,36.42601,29.539636,True
0dbf7d7d-d5df-52eb-aded-78f268f117a9,37.938169,58.32452,45.983925,True
0e2b52b3-6428-5b97-bb81-fd999255da72,30.663181,50.119744,41.036471,True
0e45fbc3-44a1-5dda-8128-81337380c3ce,25.352374,39.855854,33.130017,True
0efdb3bc-4c33-5b83-ad74-4ad1996df7e6,34.097444,57.412132,46.119156,True
0f15a669-11dc-56eb-a4b1-9ce1e392828d,33.649441,51.669278,42.050703,True
0f1ee10b-90da-5b1d-9acf-7cc7d4551825,35.639306,55.887069,45.964415,True
0f5f0b8e-bba3-5114-b251-37d5ed152644,23.913389,39.290522,31.537826,True
102c72b9-e6af-5c40-9cf5-ccbafc6cdbb7,20.937884,36.293085,27.663952,True
10eaaf9e-0c47-53a1-b244-c94929cb486f,31.050119,51.11192,40.361686,True
11856bc6-cfc7-5941-b98d-541105d1ce12,34.719272,59.776267,47.014016,True
11aebadb-66f8-5dad-b88f-38cf092fb1db,23.669527,34.08435,30.832749,True
122118bd-1707-5e1c-9522-d9f0df13190e,20.794562,36.070337,28.54896,True
122580d8-53f8-5ed8-a06f-6182625c2c80,30.845391,50.697943,41.369509,True
12436bc8-1fda-500d-a0fb-3e1bfe9790b5,36.125666,58.408397,44.14001,True
12883821-e0bc-5420-a24b-47236bcf8b94,27.799012,44.239582,36.829782,True
12ac1209-c23d-5d71-82ec-f349fe0072fb,33.393107,51.396783,39.94239,True
12e33a49-5163-501c-a70e-c442ef7c445a,29.36989,47.1495,36.962273,True
12f74c2f-806b-518a-acb9-244b109d6efd,28.842457,44.088626,37.208851,True
134d33e6-a3a2-5550-b005-c20a8cc38221,34.666645,53.748781,42.70481,True
1382dd1c-b770-563c-aae3-0e74118a32de,24.138385,40.92956,31.019282,True
152024ed-21c4-5c7b-a73b-13722e402004,27.951427,47.784694,36.04138,True
159862dd-3f86-5420-8161-80616a1bbd45,25.056921,40.107091,31.422733,True
16532eb4-80bf-5b0d-bc9d-e6a55497353d,34.065696,57.67756,44.295857,True
16594c47-9402-56dd-8095-4fca5e228a15,31.199046,53.062122,40.193909,True
1697fa3b-b1ac-5e46-977c-0fbca9c9c898,20.545762,32.850858,28.836844,True
16bfca3f-5607-51f9-93ee-686dcdf2f39c,30.90902,51.113928,40.535523,True
16df337f-4b88-57ad-884d-d1c8ced9d24f,23.91908,41.429598,31.670213,True
16e116a9-c09b-5d1a-a396-cd2733e1f526,34.597064,58.601456,45.7018,True
171872c1-d8e5-5c5b-8c2f-9996888502b1,34.317332,57.166015,47.194865,True
173f5dec-5495-58d6-8668-43d255c1c8b2,20.710004,35.025087,27.984006,True
174a421a-ff17-5579-b9a9-1eaf6ceff1cb,28.6187,47.771928,36.683421,True
184d4859-a155-50e2-ae74-c7bbd96d08ef,35.417041,57.781136,45.447349,True
18970099-0877-505c-abd4-294473da83f6,28.017637,45.494045,36.310117,True
18c8cec2-85b7-5054-b1f9-ea93bfff7091,24.527857,38.546762,30.893933,True
18ec400b-f09e-598e-9580-72cfe6f2aa69,21.826398,33.272011,28.190808,True
18f186df-5850-574e-bc12-5ac0d788a23e,26.172499,39.869095,31.848137,True
19221dcc-09e9-591e-90db-d7e910231135,24.149124,40.400955,31.114034,True
193d27d2-7329-5b7a-82be-a2c4e5a06c47,27.68782,47.682547,37.502207,True
19af3230-a76d-59ef-8e4e-9776da7276fb,31.248852,51.413956,40.217037,True
19d15394-28c3-519e-a032-838abad9b520,24.525964,38.348476,30.9977,True
19d1d7ea-8f37-54b2-8ff2-8ff6fef08ed8,24.234512,41.126355,32.951318,True
19f1d0d1-9e4e-5555-9e8e-4adf8816013d,30.759606,50.402676,40.548664,True
19f29c8c-7363-5cd3-8d5b-15110c3009ee,21.717309,36.105928,28.292714,True
1a22f1b1-b2ba-5168-9b0d-f21599564ca5,36.098397,57.604871,47.735563,True
1a2618d9-d569-5862-a7ae-8a5fec39364e,21.148525,34.78863,27.122878,True
1a483f13-0b45-5dea-947d-b36a12a6fc5c,20.621965,32.774613,25.9941,True
1aa61d85-7c52-58a2-8972-ae64f906c9da,34.160795,56.939622,45.147418,True
1c455fd7-6cc3-5e27-941c-8ceaa589c546,34.040218,57.028507,45.829592,True
1c91a4b3-8e7a-5bf0-8a6f-6f00cf17fedc,29.921561,46.081012,36.877257,True
1cc79656-6134-5839-89a3-b092d57b3a4a,34.629963,52.016653,42.480197,True
1d3b687c-0475-5ea3-bdb3-c18d5515fabf,27.319504,42.435716,38.460411,True
1d620def-950c-5657-80e7-9cc476dd6d8b,29.927631,46.341047,35.521977,True
1d659387-cf37-50bc-8c0f-296ee420f630,24.318857,41.25949,33.005772,True
1d940974-5708-559c-8fba-f9215072442f,32.20569,43.386002,36.126359,True
1e3aaaad-794a-5c0e-8bd1-30a486532bb6,21.003666,34.612988,27.687523,True
1e511552-e132-544b-8ef7-190c634d380c,33.240385,51.481321,40.82542,True
1eae0c5e-b84b-5a44-97f4-2c5c3fa03d68,28.003654,41.815232,36.35596,True
1f0e89d2-468e-5779-8367-5b3085635d2c,37.958776,58.112343,46.183762,True
1f47ac5d-e35b-593b-aecd-703ce08c8f11,30.668235,52.601424,41.205353,True
1f5df9f9-78fd-5097-a37f-eb5a97bd64ac,37.865091,57.935907,46.033641,True
1f95b840-821b-5ab7-b822-988987b0c7f4,25.325275,40.479483,33.400191,True
1fe00ce2-1020-536c-963e-6965d7042142,34.734231,59.565932,46.022322,True
1ff689b3-6ba5-56fe-b8fb-8fdc609c53b6,30.769615,50.912139,40.383442,True
203f57be-2e8b-5fb6-99a1-74ba85ecd0d3,28.315148,47.439363,36.671611,True
205bedf2-553d-5d61-85bc-40b67037f983,29.532123,46.200699,37.214789,True
2095851f-46b0-5439-9139-f8aa85034077,23.807351,40.727437,31.099256,True
20d7a9f4-86f2-5406-862a-188b40786fcc,20.910304,37.675253,28.797236,True
20f343cb-54fe-5bc8-baeb-fb0a8dba8eee,25.590331,39.518611,32.549122,True
214eff1f-554f-5805-8eb8-0ceee044fd09,32.77111,53.29296,40.689813,True
2182c8ab-233e-5794-bf9a-b805cccd087f,27.436275,45.932927,34.330715,True
21c370da-2daf-5c4e-ae3f-e7525a9aa05f,24.349257,40.924278,33.011415,True
2218b09a-1ca3-5e7d-b0d9-8c2ea5ffcc42,25.825584,39.953201,32.085617,True
221b7076-eea8-5a20-98a8-1d3c311c390a,24.629896,38.352306,32.741996,True
2239011b-d3c6-51b6-b7e8-6f6d065bb3d6,29.846269,43.164265,37.291248,True
2251aa0b-7df1-5823-8e8f-3950438b23d6,37.989718,58.22463,46.054809,True
2266b497-5505-5551-b181-d6b93d0a6dfe,20.476577,35.438203,27.81563,True
22c04ab7-ed0b-5c39-81b4-ddbf10ca8eed,20.753346,34.214549,27.226333,True
22e13f2f-c50f-5ca8-b7b5-792aa0436d21,34.85111,59.747601,45.044788,True
22f7e957-ac0b-575f-b24b-e832d58b10e9,21.886365,36.335286,26.5737,True
2460f192-8a40-5a1b-b3d7-f3da9a6294ea,22.470312,36.338176,29.410263,True
2479af3b-eb57-511b-9bc0-707e7f041493,34.061769,60.474255,44.341988,True
24897818-2c71-5573-a17b-c7596e94bc4e,29.55279,48.547107,37.320882,True
24e0142f-f228-502b-94c9-4c72ad8d53e0,25.376708,39.676986,31.259021,True
24e99fc4-e985-5c76-a39c-3790a00e9184,24.434293,41.08248,32.821712,True
25897c4f-10c0-567d-bec4-4239ab833b1a,34.100292,56.361402,44.099382,True
260ddc4b-781d-51f7-82c7-b79f8cc3b60d,32.865083,51.614755,40.851936,True
264edf62-d2aa-5a90-958a-ee73b9ee7e28,31.479179,51.476276,40.154487,True
265e4888-dd8e-55a1-87f4-ce90d23a768c,27.559041,44.42498,36.413756,True
2673d003-770b-5f1b-b738-748a9c1028c9,27.358539,47.066017,37.032992,True
2691afbd-411c-5c58-8821-16c9bf02fc55,34.129504,56.472968,45.905061,True
26f4c5cf-a165-5c19-967e-4b8a0efe3f25,34.343927,56.318463,46.081623,True
26ffec8b-241c-5f3f-aeb7-3df362d2eb95,32.703303,51.727176,40.827736,True
273dc82e-7675-5d7d-bedf-e22a53bae41d,21.998932,36.568598,25.847059,True
2786b6db-7b5f-5b0e-9b70-0fe46d5a4fe8,20.788412,32.319883,27.777327,True
27b99791-804b-500a-9037-8264f5165329,36.683039,57.741359,46.09745,True
27ed83b2-be03-55c4-bb3e-2747d6f11d3e,24.014697,39.584365,33.211057,True
282ccca9-f3f2-5b5e-bf6a-99c77d7e91f4,30.760125,51.195669,40.315437,True
283b5935-a00a-53db-aced-f81226d164f4,24.311395,41.037719,31.091321,True
283d3ac1-0eea-511e-a299-dec6962743ba,28.467388,46.734639,35.825024,True
2848dc04-e834-524b-8a6c-571f17bd47b3,20.784263,37.71068,29.791058,True
28ce8a1a-6e37-5249-9545-b0b74bf3d634,31.091351,47.415066,35.669382,True
29282cd1-fa1d-509b-9bca-ac0eca48c93b,27.694682,44.554533,37.00016,True
2a028d4f-843b-5236-9bcf-9db0987f73f5,23.847443,39.579373,33.291569,True
2aa6e3b6-b17b-53cc-ba0a-e5aa3bc90cd9,24.158038,40.965778,31.382666,True
2ac27ae0-f91b-5a9c-ac42-ae4a2d80de4f,20.467113,35.587511,28.208499,True
2ae9c647-f4f5-5426-9120-a9fd75d8b8a0,28.683752,46.235248,36.491875,True
2b34d23f-3619-53e1-bf41-f0c5d3399e9c,34.674871,59.794116,43.630946,True
2b3c67ff-af4e-5b90-8c00-4979d4bb4836,21.562539,37.794418,26.242879,True
2b3fe9c4-03c6-5ba5-b1be-3f68d7db2414,24.599792,38.826975,31.498319,True
2b4b96b0-3ff5-5b8b-9eaa-f42d6f3eb8dd,32.992191,51.913521,40.997634,True
2b7495fe-5b41-54ab-a779-3ac6d858464a,27.582147,45.999007,36.921741,True
2b85986c-be56-5f86-9581-6b2a5cf37809,24.1302,41.387673,33.025781,True
2b951803-a57d-5612-a681-262ebe76eb44,27.382882,45.005049,37.214133,True
2bc16360-50db-5aee-a61b-29068ec46191,27.395116,45.795282,36.427834,True
2c6356fa-0c31-5ba2-b738-dc93b35bebc9,32.067271,51.29936,40.687932,True
2cc24e2a-123e-5036-ba5a-2c8a926f4da1,30.918482,50.630223,41.746609,True
2ccf2e7a-abf4-57de-bead-3519274ffb90,31.233146,51.54388,40.416218,True
2ce5b65f-6387-5d6a-98d4-69635ffe9bfd,24.147546,41.180525,31.021218,True
2ce89939-9ca1-5a33-89a0-b5bca7ee1f9c,29.867501,46.24803,39.578571,True
2d42d02e-3a21-54b5-b25a-93c0846c7df2,34.535503,59.681445,45.75719,True
2d874521-efe3-5204-a755-3101661d0f7b,21.231071,33.401403,27.138976,True
2dadc7ba-2a83-5b55-b0d1-1b4c2b782f74,27.848442,49.047609,36.790449,True
2e172956-2389-5562-84e0-93782593d673,29.863333,43.46684,35.230792,True
2e1b4eba-37ce-5d1a-9a3c-40677efa55ce,28.008974,48.003698,36.647029,True
2ea70c4f-d6e3-5ace-8f02-cc824333032c,34.44184,52.39573,38.656033,True
2edc9143-e848-5790-a928-f3b25a763c8b,28.133558,45.796533,38.033426,True
2f066c91-12ff-522e-8288-1aed3b49b1cb,30.848756,50.376475,40.716778,True
2f2d1543-4a6d-56ff-a637-f74f4688b0a3,24.201001,41.453947,30.952205,True
304d6b71-cb7d-517e-a03e-61cf8005c452,25.984489,39.899204,31.166002,True
3056b961-e4e3-5b45-8b11-9ba18bda6832,27.376588,46.356719,38.39379,True
30842c92-9a8c-5787-a0eb-aab7844acb01,23.964516,38.966213,32.005811,True
30d84ab5-d210-5429-97f4-80d820d5b7a0,36.070427,59.172996,45.620695,True
314a3933-a222-5e37-b782-eef32559529c,31.161507,51.026492,40.224561,True
31e6944c-29b7-55d1-8487-5d2d17ef3627,32.769711,52.096379,41.438373,True
3202960b-2340-5c6b-beb1-f97e53d3a33c,31.079964,47.411077,39.350934,True
321239b3-1a43-5628-9452-8cf98a400013,29.278433,46.782098,36.757806,True
322d8ba1-bcc4-5621-9019-97052c2ff222,34.858527,59.607259,45.646443,True
3262cd0a-62d0-55e8-be0b-098c5f71f690,36.247779,57.812768,44.139441,True
328112ef-2473-5750-921e-45a755320dd9,25.03955,39.587696,31.446071,True
34da903f-7e56-5c94-841c-fec284510882,33.250813,50.75524,39.739866,True
34e3c383-4ecc-533f-8dbc-5e473272df2a,36.72191,57.980578,47.396759,True
34f66708-03e7-54ce-96bd-68fb55af9d91,30.573995,52.482758,40.450687,True
3538eb3d-c151-5982-83dd-d4b0f95ca975,36.68988,60.375685,46.282121,True
35d1cc07-98f9-5f64-9129-0e64179d3650,27.589055,47.518069,39.306733,True
3688d699-da7c-50c3-a693-c6cced2b247a,36.23439,57.303896,48.503538,True
368cb8d6-9688-527d-9f98-6d3cf54bb7b0,21.977626,36.975983,29.020442,True
369cb39b-4ef4-554b-b64e-18c3f9b6e25d,31.587178,51.388589,40.688441,True
36b14bfe-c463-57ea-8c02-05e3b988b536,24.860814,39.327108,33.793884,True
36bd460a-f525-5113-82db-051a9777db22,20.882616,37.764866,27.59716,True
36f983d2-c3e7-5500-8814-615af9459f66,22.763057,37.884845,29.069507,True
3781aa85-9c1e-52ee-a4ae-58b0fcbf8fd8,27.2281,46.80273,38.294571,True
378b4515-f4c3-5f34-b14e-3fa204c98ac8,20.855283,32.496999,27.75672,True
379db4d7-1d43-5d02-bf0d-a48c030b0571,25.402787,41.058305,33.280807,True
37ee98da-5ed6-55a0-8228-034d423f3702,32.686246,51.366174,40.704203,True
38876450-a360-584e-a401-49ede2d5a5ae,27.326101,42.617416,34.897944,True
388d84a3-fdc8-54a3-8840-ed96b05f5e95,24.079258,38.958083,33.505953,True
388fef44-d9ef-56b6-9503-bb028ffb7041,20.943183,30.402625,27.713084,True
38afc6be-6778-54ae-9b18-4020b0941ce1,29.569437,44.19282,37.421046,True
390a9fa5-8097-5880-8bba-3516ba408373,23.874303,39.600996,31.070911,True
392c7d8e-86a8-5c33-b71e-d1f21cbbda82,30.722298,51.393097,40.127322,True
396b9b39-d198-5079-8348-b849508008d6,21.792215,36.303035,27.249154,True
39b5d89b-0edb-5f74-88ff-2d1c2d0687c5,28.661567,46.402255,37.053828,True
39b5f649-fc3c-5de6-bbab-1a12422f73da,21.665201,35.918033,29.011469,True
39fe0d9d-682c-57de-bbd3-72a0ec3a6353,21.246324,33.261438,28.225931,True
3a26f065-7e73-59a4-9eef-d3025b75f0b1,42.911684,57.922645,46.336047,True
3a4cdd1a-cad2-55a7-bded-41db175f6115,21.998298,37.239955,29.333273,True
3aaf66d3-ec08-5c98-b89b-9b13173ec4d3,36.729046,57.95436,46.27495,True
3aed643d-5062-5100-bf7e-5299ecd1fef5,22.773965,34.784997,27.670773,True
3af062ad-5815-5a8c-9f8b-3f09e9865e2e,34.557882,51.599218,42.772498,True
3b85d143-e148-5999-95e1-6af03148a3ce,33.896982,53.431971,39.367326,True
3bb364bf-9182-5063-b60d-50802b3e35ff,28.535996,46.171762,37.308156,True
3cd00f57-7925-54dc-a73c-d5e44ee8f752,29.402485,48.007481,37.223353,True
3d478182-b4f9-5855-b5e7-42c7dbe33b0d,21.747251,36.903864,26.77885,True
3d656471-8cc9-5f93-9d79-428b797d3231,34.486217,50.366083,42.904165,True
3d7eab65-5ab0-5a83-932e-4ce7eb1ce406,20.79992,36.025907,27.533343,True
3dd4141a-5e24-50dd-8cc7-29c9dae5058c,30.702964,53.143522,40.490247,True
3e583b27-81f9-5b73-8b17-c22732c22818,21.930145,33.481429,27.565065,True
3e7aeb55-e259-5eeb-886b-b1f178e00465,34.524178,55.765381,43.58568,True
3e98491e-a94a-57a8-bcae-987000fddd52,36.221541,58.724627,44.456505,True
3ebb052d-8ccf-5e8c-aaa2-20876c39c1cf,20.589361,35.634061,28.297114,True
3ed8e8db-be14-5580-89f7-47a39a199b50,23.938977,39.884573,33.488319,True
3ee89359-b9b5-5aa0-811c-bde4275cce10,31.135792,44.067709,35.451432,True
3f5d0ef4-7d0c-5784-9114-5669e1a94ef1,21.86146,31.546211,27.784455,True
3f75da4c-2fac-5a28-bd1f-7b4733dd02bc,34.3621,51.98984,42.523071,True
3fd8cab6-c6e6-57c3-9a43-2158a9502e61,32.783666,52.787528,40.923647,True
3ff26729-2676-560d-8735-1e3285f5add1,20.535879,35.55695,27.952537,True
401aae90-ce77-5922-bc4e-cbefcfea7e97,27.737849,45.981089,36.833936,True
4052d61f-3f94-5d1d-935f-d8ec1112f3ad,37.901325,59.83947,45.976966,True
40c420b7-24b5-5a35-9917-7b8e9caa078f,27.485749,47.059912,37.212307,True
41aab73d-40c3-52e4-9e7b-3dcfd34021ff,24.531835,39.265311,32.825702,True
41b46779-6411-5f87-b815-259a5c5fc857,27.652288,47.612912,36.435647,True
41da1495-acb3-5a1f-ab61-51b1f1ce286d,20.782754,33.278243,27.562721,True
421c2e02-35ea-511b-99cf-f2bd69cfd59b,21.640268,35.304598,27.847714,True
4229e081-2dc3-54a8-a11a-2bef1a3e29df,34.586673,60.229103,44.111978,True
429eb853-c7c6-5415-bfd1-c914b810c526,38.111964,58.122175,46.21272,True
42a3b91c-40c4-568c-90da-8d64749f198c,30.846539,51.270724,40.744597,True
4319ed02-cd4d-50a2-89b4-760dbb6d1c80,34.151596,56.918358,46.651188,True
4411648a-cb96-5dac-b7a9-c5682ebaba47,21.306189,34.37736,28.138681,True
442336dc-4c7d-5168-a98a-0e5cd4740dcd,30.791623,50.308272,40.36009,True
44aa37e4-dee0-5fab-801c-ad05c8679e55,21.58097,37.227346,30.289252,True
44c727c8-fda9-51d4-925d-38a407143a53,20.765608,33.845659,28.008293,True
44e31cfb-159e-583d-b08c-4765363b5223,21.432299,35.224004,29.765632,True
44f656d8-f789-50ff-8192-036516dc5a30,29.213336,48.200855,35.571612,True
450f03da-a2a1-5458-b553-207ac44a4375,27.575682,46.937373,36.950326,True
45119a3f-834f-5cef-9ecf-012b3023a199,23.870089,39.8923,31.453237,True
451e25a7-5df0-5f51-84ce-104e5ebd748e,28.268275,44.321165,36.647065,True
4536a69a-918c-5d76-9dba-623107918f91,38.780951,57.899501,46.153795,True
4545a431-48d9-5d30-9133-a18bb53f106b,27.7599,47.717221,34.843981,True
454c7f5f-f609-5519-b553-2efa79e6672c,34.157823,56.512504,47.057003,True
459553f7-a663-56ab-a69e-2038ea7ec774,34.630278,55.780333,44.187008,True
45adfa5c-351c-55d2-a06f-3455cba9c7cf,24.935474,39.93048,30.786524,True
45e3c8a3-d110-5da0-b421-392b0c2e5a4f,23.980321,40.312624,31.17688,True
45ee67e0-eb16-5ac6-9671-12732fd17f5a,23.88221,39.860556,31.221031,True
464f9282-542b-511e-8c76-bf3cabfe4fcd,20.815649,37.632931,29.994662,True
4657cfb6-f0e3-5e55-826a-0ed9c60011ed,27.733548,48.251661,36.992168,True
465943f9-b405-5f0f-bab1-3dd89a9e3adb,32.758157,54.010164,41.745217,True
46a1d0ac-b37c-5c1a-bdf4-cbdfa55a5393,27.589517,46.003699,40.309165,True
475a5a50-0621-58d2-818a-c08da3d9e3bd,21.566,33.831258,25.991691,True
47cee5b5-0f9a-5559-853d-91b51f88e7c1,25.984899,39.832286,32.206592,True
47cf7f6e-9324-5d89-b9c2-572cd784ab70,22.887002,33.67213,28.375982,True
47d1d229-1706-5b29-a434-27dd76dea888,28.030762,44.155798,36.657937,True
47db0cd4-c767-54e2-abfa-82abfef09f8c,21.601116,34.251453,26.146769,True
47e9e27b-4a99-5ecb-af0f-eabb7d128a52,29.853109,46.072568,35.539029,True
4803e211-29c2-5222-b550-2af225cff654,31.131463,46.551437,37.187373,True
482789ca-6ae9-5dfd-8ab2-57b07e87dd11,26.006824,39.979053,31.193053,True
48b6e754-652e-540d-b04e-77eafe782cf8,37.8692,58.109015,46.161472,True
48fd5036-9096-5791-9306-d6470463627b,30.594544,52.855434,40.506636,True
4917b270-f264-5b3c-bc94-805958881348,34.675673,59.884133,47.438851,True
49410abc-a6ad-5655-abb7-bfae8ae98437,25.167318,39.865899,32.336189,True
49449617-6ceb-5927-9d23-7ee69e1b3a73,21.507951,33.887512,26.838734,True
4995cb17-1b47-523f-aa97-a0708884aaaf,30.799052,50.643207,40.523863,True
4a02d157-c724-58b7-9a46-40e7dba46771,24.188179,40.807399,32.820636,True
4a3f37ff-9d88-5c0b-904c-3bdc10e342e7,27.345924,47.526878,38.379779,True
4a499576-8c25-560c-8d4f-8c3d4ad38cd4,23.973822,39.117433,31.184642,True
4a4dcb91-10af-5c4a-9af7-6655ec54a4c0,27.717677,47.530373,37.099669,True
4b1199a1-d187-571b-b870-739a707d2ec7,20.439519,33.44476,27.754606,True
4b238cf0-8b0d-5c34-a7f5-69ed6e692610,22.36787,29.753403,26.655264,True
4b353f08-e1df-59e5-b887-ac5043fe116e,24.031188,39.172899,31.351865,True
4b3a1c16-ef2b-5432-8e61-6e344b009dc8,34.676486,56.919157,44.490202,True
4be9789c-fe30-5118-8299-2dd2d4c3f664,21.604069,33.657452,28.253747,True
4c02fc4b-1df2-5028-a276-bea4a22a1630,34.203255,56.754749,46.044377,True
4c046df8-09f8-510d-92d1-414ed259c5b4,34.665781,55.912696,46.112796,True
4c1b68a2-df2c-5e23-899f-135ec5d4047d,31.157977,51.075007,40.446393,True
4c1df3f4-29a3-547d-a408-8222c6d90501,23.906336,38.929795,31.980066,True
4e076bd8-c0dc-57f1-93c4-269e95a4cb8d,27.439293,43.195942,36.803888,True
4e1f5d0d-dfac-5477-800d-f585f8e4cd51,22.8474,40.666392,28.708233,True
4e27569a-1e09-5735-8c47-ce3ec1034469,24.592912,38.48541,31.088111,True
4e8e41d1-4f65-5bb1-9515-03c1e5039c28,32.737266,51.740518,41.052356,True
4efbfd4d-5a0c-5c62-bf37-db1c5e67d403,30.915548,53.363428,42.311894,True
4efe1b98-da81-5c6d-9aa3-5f2ad1fe4529,35.422785,57.746407,47.263235,True
4f4461c6-d62b-5328-8f3b-800dd35e5de1,31.895033,54.404939,40.461676,True
4f4a5a2d-0b51-5ed2-91da-723ac6bdfcaf,30.769309,50.703071,40.973594,True
4f9b0a41-1336-5d08-a8e6-7905d85457a1,31.149117,47.122097,35.315928,True
4fb86755-81f3-587b-b377-695d2c54a26d,29.920651,46.095153,36.663319,True
4ff403bc-a62d-5ac2-9296-150e258211d7,20.551806,35.50749,27.951869,True
503a27d6-c901-58ff-97c4-ed11d64603e0,34.175231,56.823625,47.306267,True
5086e784-7196-5863-9b8a-c925cce0b513,29.470672,48.784901,37.223158,True
50c10c8f-9457-5769-a637-fa5755c80432,31.189623,51.141157,40.011192,True
51268208-64ea-5774-ab37-a5eada5c0b5d,36.42955,57.877424,46.062059,True
51bf61fc-4bef-5a0b-ba3a-db560b7c15ae,29.876167,44.631071,35.677408,True
51f25864-70bb-5a54-8692-45f1235084d4,34.985833,58.194563,47.412535,True
521d4d2a-f633-59a7-884a-f3bbc4929ee4,31.29446,52.843838,39.974469,True
52ae4d57-4a9b-5ed4-ac7a-40f98ad53cf8,21.632735,36.845909,27.211112,True
52bb35c2-0cf8-5d76-95d2-18cee5bf6593,36.340498,58.137745,44.791783,True
532cb3d3-5f9c-59aa-ba03-f6e2230b8058,32.486935,51.908179,39.120942,True
537539b2-1eca-55bc-ae30-d94747c11b06,34.538066,52.081356,42.523681,True
5411e666-5a63-5f28-a5a2-7bc1f5150776,24.588833,42.338867,30.566886,True
54298a4f-f346-5f67-b4ee-f227d2229aae,31.019067,50.888733,40.212374,True
54c0ed51-46da-5da8-9f73-58b52d6e42c3,34.52461,49.76426,42.70425,True
54d025f6-1c5c-5346-9eb1-7e7aa9bcda0c,20.96369,34.422701,27.668438,True
54df7f5f-495d-5d7c-9e6b-3be8a0dfe2bf,26.665852,39.975668,30.239218,True
553317d2-cdb9-54a5-9289-aabfce273dab,36.21816,58.925954,44.573528,True
55545e5d-dbb4-5fa8-981c-8ced94adfd83,24.019584,38.951494,31.675033,True
55665210-a7dc-5c7a-89e2-9d37a0f10f3f,20.540391,35.133092,28.235926,True
55b7806d-cf0f-583f-a2a6-d3aaf3b7acdc,27.192324,46.284869,37.961531,True
560a78dd-0bf6-5783-a15c-e3d10bcf3ba7,28.011539,47.54436,36.36583,True
56d6c8a3-df88-5325-99cc-d0913a7e1e04,21.880104,34.090371,26.042562,True
56fa52e5-ac62-5ea5-bc4a-4d171532443b,30.963893,51.193688,40.224037,True
570e915c-091d-50d7-b86c-d80031c489d4,38.037267,57.982414,48.271747,True
5767e7e9-cedc-5f35-a529-4f4c45b8df2e,25.431381,39.009929,36.600993,True
578a0cb7-eb86-557c-a856-370b35f15697,27.979078,46.313735,36.455234,True
57a6b1c4-caa0-54f5-9bf9-1c29ffd0f9f9,36.227668,59.098776,47.683669,True
57d08e8c-e7b9-57e0-a988-5ff06945e061,30.742756,50.871881,42.457715,True
57ddcdd0-5c2b-520a-9a5d-7bb6deba6165,25.051887,39.722202,33.385094,True
58332f6a-b247-5419-ae5c-b44aad21a282,25.05561,39.383545,30.670648,True
5861d70e-e9f4-592a-8df1-745c47b242a2,24.041541,39.403159,31.259487,True
58a736f7-eba2-56c5-be71-ab106e2e30da,33.292569,51.487929,38.972853,True
58f9101f-671f-5af0-a55e-863a70bfd383,32.226389,50.927256,39.98496,True
59119887-97cf-583b-87a0-4cb04a93d968,31.856549,52.064743,40.948615,True
591f7192-0db6-5355-bab8-13723fdf9764,20.605643,35.219895,28.318657,True
597ce5ee-2a19-5d81-b0a7-8564ae063242,21.578801,32.149098,26.563198,True
598498b9-413c-579a-8486-83a4a29329ce,30.967917,52.277254,41.867408,True
5991f28b-9414-552e-94c6-4f311aa07941,29.460158,44.093562,37.409818,True
59c4591e-3989-5ee5-b771-5d4c6527a315,25.001721,41.548305,33.680773,True
59c5ec8a-0492-5718-a4d7-f227cccc32fe,29.462302,44.325603,37.51784,True
5a3737c3-fbb2-5b5a-8d7e-25bec66df710,27.700394,46.138911,36.810117,True
5ac22bab-2751-55b4-b246-f654a24149e3,24.044565,39.72561,33.366514,True
5ad3d190-aa6d-5af9-95d0-186aa170d032,21.169746,33.369653,28.691564,True
5b3f2cd2-94c2-5aef-bef2-55f45dcd80b9,34.855172,56.210377,47.922595,True
5b5f5348-d20d-59cf-b3bc-1300c909f57a,20.576584,35.567978,26.489764,True
5b6c363e-f668-5b56-9d9d-ceae6a68243e,35.464481,57.840259,43.807626,True
5b836fd8-e7e6-5c35-8826-28cb27241912,30.752301,52.296527,40.5334,True
5baa184a-7598-5583-9a53-53c4490596ee,27.275568,46.822547,34.52683,True
5bbbe317-cdc2-5cd6-83c1-e78ef21185ca,31.354521,50.980496,39.980591,True
5bd88827-283b-5e00-a82b-34d3c9cf8c35,36.731272,58.676615,44.249478,True
5cab488c-fc87-590e-b92b-f6a390a28e7b,27.822294,47.87644,36.831036,True
5cd063e2-d56b-5df1-8b02-fad4bbef6579,27.9661,41.908818,36.514553,True
5d31e1d6-dd8c-5884-b327-db2187b33764,37.826677,58.138724,48.48206,True
5dc38dc4-d7f7-5eb5-9ea1-a87aed08aeff,27.77,44.415316,36.682868,True
5e5af274-2b10-5877-930c-747dbafbff36,20.585728,35.477999,28.826892,True
5e7d4fa9-89b5-52fa-b436-237eabba8acb,33.467265,51.453683,40.517555,True
5e7e1664-67bf-5efc-a286-7f1b9bdc20a0,28.603772,46.437289,34.656123,True
5e9ee4ae-31d4-50b7-8fb7-03920323038f,32.914387,52.312736,40.422493,True
5ecc8159-9db9-5f02-ab6d-9d0586f40caf,31.271179,46.111291,35.406399,True
5ef8135f-a72b-55cd-82ca-30d2be11c3a6,31.559786,50.739452,40.436061,True
5f21abad-e8a7-5390-8c54-664bcbe8c078,32.103541,50.782307,40.444004,True
5f6bc0de-3f05-5189-b5d0-1ea18e4e9175,36.245973,58.389972,44.386225,True
5fe3a987-a36a-529e-a260-389df65ce7d7,31.070982,51.060597,40.205441,True
601e45bb-5c41-5b8c-a3be-ebceef7a904a,27.201091,49.018669,37.080804,True
60b21c7f-6e2c-5538-9dbc-4cfcd985e703,30.784161,50.932037,40.261367,True
60b5f9a2-1c72-5658-a11c-82fb41d84efb,35.257556,57.951298,46.457944,True
60c708fb-7463-52e9-96b5-b50c816fcb7e,21.564871,36.23252,26.931071,True
60f4fcd1-7ce9-5cfa-a3f0-10f5b0c6b9c2,35.339913,58.908548,44.383615,True
60f6c6a6-3f90-5c95-b133-fb89f511778b,29.824425,46.300912,36.029616,True
619109fa-03e4-5569-b261-fb3c7168a802,32.90889,51.407874,41.082874,True
61dc44e2-e46d-5e6b-95ac-e043762ab645,21.249509,34.924744,27.341617,True
620d9268-5068-56e4-a5d7-ff1182c62f4e,30.906483,49.37344,40.357876,True
624d2838-e9b9-5cf2-a4e3-98b8223b1ec6,24.406896,40.860833,31.551642,True
6288f687-272a-5bcd-96e5-7949c796f2de,21.822183,33.386101,27.909598,True
63047105-0340-5762-845b-da1a3ade3c5e,35.076845,51.59403,38.826384,True
631c1806-67e4-55a9-afef-711bfc187b87,20.722205,35.47072,27.598055,True
631dca55-1dac-5020-b137-a5a23fb07420,34.434474,57.413006,44.310283,True
6385615f-741a-568d-a792-0342106dcf0c,27.944411,45.737339,37.335467,True
6481aaa7-95d7-5dac-8434-ec29926f1b47,23.920872,38.844457,31.539257,True
64c8f28c-fa7c-5428-8efe-24dc9698967a,20.849844,37.60851,29.270868,True
64f027b7-b623-57ad-9445-e5cb9f8da8bc,28.746032,41.877403,36.578239,True
65658372-5e35-5d71-8708-cb4c79f96e6b,24.053469,39.530664,33.526982,True
657640f5-99d0-5f4d-afc4-025951956292,24.258925,41.061567,33.150607,True
65b8795f-696f-5bac-ae7e-21df35d8c30f,23.921488,39.502712,31.918707,True
66720c96-2862-5e79-8724-34e3b6043b33,20.673599,35.407579,26.269792,True
66cdd846-d032-5ee7-a8be-c925a5a1231f,36.402087,58.710553,44.176563,True
674301c5-8409-5134-974c-68ed11ad47d9,35.026846,56.876485,43.980286,True
675d95b5-f435-5ea5-b6e3-359508b8a62e,24.068165,38.848144,31.558738,True
677266ff-99bd-5c4b-8b49-03ad2562fffe,35.688166,57.927948,44.100403,True
677e7211-e09f-56e2-895e-705f23364165,27.450733,44.788843,37.776377,True
67a7eec4-0a8c-5a97-bf5f-a2730e26dd04,27.315359,44.041242,36.85431,True
67a912ca-3622-597c-9bd8-2bb369faec63,31.27036,51.326565,40.299723,True
683bb639-b383-5d87-9873-1dee61306dec,37.850081,57.224228,46.740756,True
683df9da-9d3e-59f4-9a2c-4bc82fda6708,26.305146,40.725458,31.945194,True
68494fb0-9e88-5576-af76-a17a16452965,27.851644,47.581132,37.879933,True
686e5271-7ac9-524d-81c8-51ae52e6170e,27.995328,44.497264,36.711957,True
689465b2-1b0c-5319-8652-72985a272575,36.116066,59.14543,44.060048,True
68a1258c-983d-5e7f-b865-ad70be4d3746,34.752911,52.010208,42.621333,True
68f2d978-0084-5a4b-8625-09fca67b4a57,34.621219,57.820364,43.733505,True
69226660-7396-59ab-8cd0-5020b038f2f7,34.640627,59.805201,45.740765,True
69255752-01f2-5929-980b-b973df07ec40,27.557061,47.881887,36.964241,True
6941b8d3-e95e-522a-97bc-db1b0fc3c553,22.200205,37.558685,27.09854,True
6948067b-4202-5003-b359-6ad4a0a977de,34.583775,51.598582,42.929216,True
69b503d4-bddf-5825-80d2-b5947af68399,21.62701,33.37508,27.868304,True
69fbceb4-cd5e-5845-bad0-e13a158899cd,25.030742,39.939798,33.691781,True
6a633e34-5842-59fb-b213-cb6b0d47df26,20.890752,32.545319,27.653628,True
6ab70133-03a2-51bc-9e44-b26b06288ffc,25.175732,39.831592,31.008275,True
6aceddcb-d675-5605-9954-99745367e611,33.304363,51.891927,39.812574,True
6ae68cff-24ce-54f4-aebe-c2b1e34af9a9,34.022158,57.503376,44.514089,True
6af0b569-6c94-5aed-b3cb-2cc12b2a7e55,30.898181,50.590413,41.718877,True
6b4cafd7-39dd-5461-b14b-a063ccb40f22,32.22529,51.712915,40.306522,True
6b77f955-763e-543c-bdbb-ef19c5c88f8f,21.980356,35.223357,27.686787,True
6b80f56f-40da-5f35-bdcf-37280fefba87,34.411944,53.830099,42.524148,True
6b993cba-0acc-52b7-9be5-688a72ec1f7f,35.637311,58.022975,46.214078,True
6cb27940-cab3-59ca-aa3b-a2b74503dc24,21.816139,33.579281,25.733437,True
6d1dec28-aa4a-5b38-bd40-8eac146c9493,20.538449,33.182494,27.356882,True
6d40c5db-4e5e-5c87-9626-a381b6f54e7c,34.060246,57.430164,43.928624,True
6d629a4c-fd39-5eac-a4e5-4fbfb5e7d899,33.005789,51.820983,41.447694,True
6d77ce42-ee3d-52e7-a730-0c5a13f9d36c,28.918618,45.952651,37.934703,True
6daa6f16-2a66-547a-a6f4-dd9139c65937,28.732637,45.287366,36.604575,True
6ddc0cde-0784-59f7-aec5-19ced2c9e071,33.201299,56.865132,40.888882,True
6e52bc67-6908-56a5-8818-929f64a1f7b5,21.155438,31.829757,27.262783,True
6e62127f-2bc6-5588-a288-ff8c9a7400a5,20.600769,35.958175,27.792274,True
6f27fce9-3d10-5e13-91f3-f1100f73e5c1,20.45339,32.654976,25.904525,True
6f36a8e1-2b1c-5d10-94a5-ee642d681fe6,28.497675,43.864361,36.51733,True
6f7bbe79-2418-5930-ad1d-e75c580ce46e,26.522523,39.906031,32.144064,True
6fd04887-a1bf-547d-b43c-81df396c7bfc,21.915021,37.218285,28.268519,True
6fd53182-dcf7-5ffb-b45e-e9e9e65d5328,30.958627,50.38617,41.922699,True
6fd9dc91-1fd5-5e8e-b0ae-2c39363a657e,25.350251,39.966014,32.939153,True
7038f227-74de-5ad0-b559-1c834728ea5b,23.861223,39.13807,31.420727,True
705b0bd9-1f66-501b-81a5-e14f5aa389d0,28.146163,45.588208,36.32926,True
7100cb75-ad10-5b3a-99f7-53ee368eb8b4,21.048362,32.567932,27.390605,True
7130681e-b799-51ea-a94a-1f42b0146e41,34.225163,59.499073,46.096454,True
719e71e2-3fa4-5e27-a987-f131148b8eb9,33.648757,52.082505,39.1819,True
71bff752-376e-5f70-8018-677978c9e7af,29.530365,47.286554,37.173402,True
71d2a63d-3b9d-53ae-ad85-31c6a9a7a391,27.374236,45.735427,37.568847,True
71df24e8-b7a4-5eec-aef5-54d8273946b4,33.935134,57.246984,43.792968,True
7256d5e6-02a0-5bf8-973e-fa1b4029359e,25.122452,39.992455,33.500116,True
72f8e765-4c3b-5a57-aaa4-4d1d1b86d5b2,25.003435,41.547447,33.458138,True
73271237-c3b4-5004-81a6-22e6f0b50d6c,34.533289,51.435195,42.884191,True
7343a7ce-f112-5db8-adbf-1e931f58d9b4,25.860488,39.969314,31.847545,True
7361e073-9c82-5f2d-8548-1501f2f612e4,34.916014,51.959402,38.803648,True
73921950-ac42-59c7-a327-5da1182275c1,32.818899,51.461285,41.466148,True
73f48629-0301-51f3-8375-85d1dfb12f0a,31.994536,54.398444,40.104231,True
73f4bb7b-ab56-5c72-8a5a-4c6da6a3e372,30.62805,52.462289,40.659679,True
7411d029-0801-58fc-a08c-87f86b585815,21.109655,32.171342,27.563709,True
743829b9-3a0f-5607-b42b-5e604862cfbc,27.845909,42.044984,36.451351,True
7469ad2a-c63f-530a-88ec-23e11bcf4556,37.970103,58.432663,46.346395,True
75737d86-c843-5f30-9599-59bf503ce377,29.503827,43.272134,37.854503,True
758f425d-d4d9-536f-b0f5-ac7b29393cda,30.773661,50.961121,40.342275,True
75a84d1d-8c52-56f4-b56d-a6377e16035d,36.516512,57.863794,44.716766,True
75e1d75b-c0c8-5c75-952c-4909fe007730,30.797365,52.559235,42.199435,True
766ef6aa-0402-5248-b676-cd360c16e726,24.151061,38.921109,31.180012,True
768f5240-c66e-5183-a439-3b428b9576a6,32.171253,50.789485,44.37177,True
76a437f9-4ee2-5a3f-8de3-d4ec021f174c,24.169559,40.922539,32.911818,True
7730198b-eea8-5f08-bd4c-6d46bf87c819,28.317395,44.705827,36.928247,True
77441821-25ab-5f4e-b499-11bc6a0209da,32.858754,49.311797,40.798573,True
774638a3-4cdd-59dc-8f1c-3f2319b4e805,34.074936,57.616016,46.067237,True
78f1c353-b2b5-5692-81c9-215196b4c09a,20.581674,36.241741,27.965777,True
78f9e6cf-ce66-5d28-b12a-8d7adbcbf43d,34.544132,59.886998,45.984303,True
793ce8e7-d57e-5caf-86f5-967b65cfc5b4,22.328557,36.923162,28.481577,True
79b57c13-be72-5662-94d4-7f5874f9087a,34.106785,56.497064,47.195716,True
79c82d0a-670a-529f-bfb1-a99c6b1ca4f1,30.601295,50.302725,40.554467,True
79cb008e-6631-5857-b372-c531d1843b11,21.860494,37.052514,27.999511,True
7a08800c-3c7c-584d-b694-3987195a7242,21.277295,33.651929,28.196101,True
7a21bf49-5033-5f13-8ed7-db901b048058,34.325077,56.629017,48.632508,True
7acff86c-eb87-5396-9b3e-6df95305251f,25.931765,34.680435,31.786313,True
7aefde7b-09fd-5fe0-8e11-cc80dc966248,23.817774,39.822862,31.514307,True
7b48d681-a761-536e-b275-ffeda8a0236f,32.051694,50.87415,39.886214,True
7b5d4486-88aa-5d87-aa95-f5448181cd39,22.54901,33.46361,27.970296,True
7c0a0d00-fbae-5b99-a78d-b2bc37775dde,31.215957,53.336442,40.153148,True
7ce4384f-20f6-57a9-b354-f8b408c29ffc,36.13495,56.141699,45.518878,True
7ced6272-7cf5-5c0c-913a-684cad85367e,34.091002,56.38603,44.184051,True
7d0790c3-9c22-58d5-8fce-fe8cc41dcc5c,24.153739,41.880805,31.16892,True
7d07b607-ba2d-5e4b-aa87-4b1946a4896b,36.227021,58.871688,43.91997,True
7d5aa29c-2e7d-52dc-9566-af5f9e77c2e8,32.784723,51.711658,40.935602,True
7dd50fbe-328e-5a97-bcd0-9e08abe13a16,24.035642,39.341585,31.617936,True
7e42cb6c-320d-5db5-98cd-17bed5640698,37.895611,57.94792,46.115461,True
7e588935-d1b3-590c-96c3-6a2749e6d8b1,20.607561,32.882751,27.858231,True
7e7a209f-b2dd-58a7-8df0-ff03e223de42,34.256959,53.669671,40.915948,True
7e870eb2-dde9-5ba9-9533-178a4a3aff50,34.974874,59.940392,47.198096,True
7eb964d8-e0d7-58b0-a92a-4f9f86c93fef,20.561874,35.84524,27.366947,True
7ef86083-8792-51f1-8994-045b3a8d200c,31.072607,50.464555,41.691254,True
7f09813e-5503-5372-b7f6-6cd052c134c2,27.744663,47.430719,38.297467,True
7f113616-76c1-5702-950b-4b2d17a8e09e,20.563887,35.03881,27.772035,True
7f1539cd-b44f-5fe3-bc13-55e0463664f4,20.566582,34.625644,26.598926,True
7fbc8248-50ee-594a-8bf6-e09f2c882422,33.395077,49.907999,39.904009,True
7fca8acd-b172-5432-8cc7-44c591b27c3e,25.803408,39.864515,32.15691,True
807d6627-34fa-53b9-953d-a55efc3e672a,25.244489,39.956332,30.065844,True
80893ac3-16b4-5f60-89f3-c4288f3bed11,34.602912,51.95335,39.013856,True
808e7265-2594-54dc-915c-45d07d357596,27.573531,47.870535,34.86636,True
80aa0ebc-f043-59e9-9d90-a694802e4d7c,34.867928,59.85751,46.589075,True
81262be0-c054-51a4-aacf-4b2ebb53fa4d,21.747016,35.283586,25.947139,True
819df10f-978a-5635-8121-5e8d3bbc0eef,27.173775,45.994209,37.647794,True
81c33694-313a-571e-afdd-a42b7e3922b2,20.85068,32.729877,26.805111,True
81dff892-7a7f-5818-9e3b-9d45a424ebda,25.400762,40.109417,31.737532,True
81e36e4a-f760-5774-8bfd-52861f05f6ba,20.545841,35.442038,27.850691,True
8263245f-0479-50e7-8d50-1b6d6c85852f,22.71738,35.496762,28.2919,True
82acc271-3a90-5bf6-a0ff-0f1342b75b64,31.21275,52.517633,40.386019,True
831b7063-e910-5751-be91-2619d14b88e8,25.780112,40.025252,31.762992,True
83ff4915-1ee7-55b4-9295-1e3f5f51aec2,24.423709,38.353982,31.21667,True
8402b0af-245b-53c1-a8e8-c325353749c8,28.318913,46.571963,36.904506,True
8406192d-7c6b-5fbe-a824-eea1d2853761,25.605051,39.823192,31.022541,True
847c026f-45d7-5324-99a0-b14aaa299181,34.528368,55.514295,43.857836,True
849b5edf-3a75-54bb-ac29-5f705290377d,34.37914,51.727291,42.832822,True
851e2411-3c77-50e3-96d1-f67811f66824,21.102868,35.156694,27.600812,True
85571f4c-f855-5abd-9844-759e6e74bb65,28.581448,47.283735,36.912839,True
857f69c9-7e9b-522b-aecb-262a4fea3e57,21.779481,36.601942,28.648151,True
85d2935c-a6c5-5357-bcec-5e11ad658e82,36.860284,57.947706,46.211977,True
85e5f56d-c455-54f5-9d31-3b14fe4da9b5,30.839667,52.656836,41.730584,True
85ed433b-de68-58fe-b6d0-867a265ced6b,30.914647,50.667476,41.840151,True
85fa5f36-4722-51ec-9989-a99b3438c289,36.825193,57.73948,43.170418,True
867a92c7-c270-55bd-a604-7dad2089dd8d,20.802921,34.22845,27.848231,True
868d64bb-2baa-51d3-be5c-e5adb802c138,34.084964,56.852396,44.137063,True
874a9d07-73b8-56f3-a325-35dc2f6fd992,20.633338,35.497456,28.585174,True
87d05d23-1d2c-5b62-bbf6-a454a7e2b378,34.105052,56.550938,47.301752,True
88306d08-04f2-54f4-89d3-c64b6b2958e5,23.918677,39.219188,31.228768,True
8851bb03-eec8-5001-9273-ed61ed002352,24.996299,39.914093,31.415524,True
885d8f13-c8e7-58aa-bc82-7f145ed7653b,21.569642,32.390091,25.930396,True
88952438-1173-51a9-9b76-d3e1f775b007,35.676369,57.927291,47.791435,True
88a4e892-e86c-5ff3-8d1d-5fc3884bb8cd,33.097787,51.461873,40.044609,True
88fdb1b8-da96-54ed-ba92-6f0916f69f8f,21.628823,36.291547,28.079311,True
890564f9-86ac-53c4-87b3-afea517c14ae,30.885206,52.225281,42.190848,True
89065001-bdd3-5126-af54-c65fc6922d45,30.850177,50.392554,41.979357,True
893cb5b5-8d2c-5f58-bce8-c0834e7b6ac2,24.022205,39.480511,31.404461,True
893fedc6-5aea-563d-b0a4-15d5db55cbcb,28.025238,47.553024,36.800002,True
89586149-3663-5a53-931e-ece960805445,32.797031,54.051018,40.438413,True
89613256-1951-574c-89ae-ead387fb6c88,28.021944,45.747858,36.866398,True
89d99087-9dec-5b07-b1d8-89468d66d679,37.858235,58.187199,46.466735,True
89dfa62d-d9c8-5a51-b401-d4f9136c9dad,22.606918,36.519003,26.513895,True
8a5c2c53-a497-5446-85c7-cc2a3bb6edce,34.247744,56.656958,46.724339,True
8a877668-9d59-5f4c-8d6d-0e044a8cc54d,27.968844,45.994226,36.798962,True
8a92100c-2cb9-53cd-8b22-1eac741f8880,34.410628,56.305155,44.395449,True
8b205bd2-fb07-5ee7-8aa7-63179e4b45ea,29.314634,47.285433,37.196642,True
8b504459-331b-511b-b2e9-104b013bde57,20.69165,34.444054,27.200477,True
8b58774c-d397-5e6b-9b1e-3e8a41d74fb8,21.316925,33.442655,27.487419,True
8c1ab59f-906d-5c94-a21f-d4ccae4f61e5,27.359187,43.08862,36.527358,True
8c69583c-6393-5b94-8b61-28c049e525e7,20.590955,32.765988,28.005372,True
8c8e4412-1f89-5c66-9733-6ec2e1bdac4a,24.880598,39.394881,30.136373,True
8caf59a6-2123-5793-8a99-6a869fa88adb,21.143527,33.524721,28.125506,True
8d909b4f-7dfe-54ea-bfd7-0dcfa152de20,27.531167,48.135807,36.748369,True
8de29408-2126-543d-8fc4-989002f3a20c,33.914254,56.511131,44.222128,True
8de8f28d-dabe-5e50-9a3f-f5b4e6975531,27.881719,47.582608,38.676714,True
8e0a498f-4f2b-5a94-bb2e-a92d031e37e9,20.820477,37.590087,27.687186,True
8e2c4436-9ef0-5d5d-8835-ad8bb6ac5f29,24.356886,41.171951,30.8252,True
8e361a09-2657-57d1-ae2b-bd310b9bc17a,27.573221,47.49139,36.911977,True
8f49f6d7-184a-5101-a185-c5561a2d4d86,29.981487,46.147806,34.415387,True
8f88d670-1ccc-51ea-8811-46425039d711,31.464955,51.26123,40.624803,True
8f8b6290-b0b8-513d-a947-f50e7ab53fd1,21.684766,36.138142,27.943969,True
90318212-6c5b-5876-b480-dbe208cd742e,24.012219,39.025418,33.278499,True
90be1388-6262-5f10-ae7d-d8a71ff87155,34.975672,57.130196,46.145118,True
90f688f3-b2eb-5fe8-81f2-4766ecca585a,24.056203,39.093044,31.448898,True
91728ed0-836a-50f3-a85c-d4c184b6f50d,27.780329,47.850284,37.120506,True
91a0fba3-5737-52a4-a0f3-38b230f084f1,28.361979,44.435284,36.960158,True
92a5a593-df9b-5057-a246-c80b23e8e349,21.072132,32.588385,27.136708,True
92b6cc78-32ce-567d-a1af-b731430c349c,23.910513,39.476274,31.348556,True
92f6d485-0ba0-58e3-b3d7-ddf1e60ce849,34.148773,55.03425,46.023646,True
9303d632-4d64-5b4e-a423-8a4de696f38e,24.993558,39.454519,33.676642,True
930e2f50-cd9e-55e8-a544-4ff4da83b0c3,20.821151,32.533767,27.952742,True
93498620-c1d1-5b70-bea2-8e72b07aa1a8,21.880304,32.29168,27.648533,True
936d0d2b-408f-5586-8f6d-16aa87452b75,31.617479,46.138481,35.202268,True
9371da9e-e454-5717-8021-b6ce908e0468,29.43345,46.310065,37.205122,True
93781cd4-9f05-5c6b-95a1-8753282bb816,20.518184,35.84367,27.720048,True
93cac94e-b732-558b-8601-20de990057e6,36.160512,58.8143,45.137961,True
94285ec9-f102-559d-b55d-381c87b954ee,34.423992,55.637756,43.879191,True
942e1e4a-32af-5630-a079-cd60ee7843df,29.65934,44.889925,37.061141,True
942f23af-3b37-5c0b-8711-05554a82aaef,21.192114,33.333587,29.644366,True
943acf73-4ed5-5fa1-b0ae-574caf96b0f9,27.162584,46.894833,37.272485,True
94df8a72-c548-580f-b8b0-72677d8da97c,36.245874,57.818789,44.527747,True
94edacdc-ddab-584d-8c85-98a588508111,32.877469,51.570443,40.847527,True
950d1f4a-eb7f-59b9-9e3e-61997d84c79a,20.52632,36.168802,27.722904,True
957130a1-78ed-51c5-b882-17640165e8fa,24.185986,41.392289,30.600397,True
9575bee5-73b3-555f-be33-278d972e6803,23.909068,40.098041,33.323599,True
95e746a5-ce76-50a6-85bd-8acced922f5b,31.887572,51.413059,41.233262,True
95fc3f3b-8a75-5026-9c4a-a0dbabdb89db,22.578295,31.677077,29.675695,True
961986dc-0142-57fc-9074-b29af5bc49ee,28.592574,42.700058,35.791117,True
963c60ed-7a43-5f99-8fd6-b6ed50ab0783,31.66443,50.754646,40.475112,True
9689c7c7-318b-5d54-9773-0803a2012cad,28.058967,42.328889,35.048318,True
96c5172e-5e26-54da-80a5-73b831281be6,30.759687,50.590822,40.696075,True
96e430e4-52de-5da4-9f1c-f5c0916d2a2a,25.179696,39.782674,31.515985,True
96f3544a-a587-55e2-9e96-879383d8a2d7,30.738442,51.008348,40.39723,True
973a8aa5-1bb3-5884-b1ef-0a1da51c5eee,20.78869,34.37555,27.765177,True
97d1a53d-59e5-5aec-925a-4f4be13c660e,26.530867,39.877205,33.163208,True
986e8860-7011-57c8-b78e-df72d99e1aa3,23.863745,39.412878,31.196568,True
98ae62d6-743c-530b-bdb7-63abb831af83,20.519875,34.706882,27.929918,True
98b085c9-ccac-583a-b0e4-f3fc21d67d35,36.366101,57.585685,46.338178,True
98bf119f-43d3-576d-90c0-67c904b000bb,36.594434,58.137626,44.030354,True
992571fc-b242-505e-8014-6eeccd6e0196,28.454087,45.904635,37.289354,True
99312557-e50c-5d9e-b8c3-35d7c5df2655,24.430164,41.062657,31.398824,True
9953087b-5c35-531c-acf5-184a2a3edc98,23.956774,38.700867,31.40546,True
99898907-2bf0-5f7b-82e7-387a666b403b,31.106957,51.877592,40.27499,True
99a44ebe-dc46-55c4-b0ae-e0bdc9cdada1,26.503184,40.002312,31.999801,True
99ced5de-e468-52de-b028-64d5c178c99f,24.913515,39.075948,30.199934,True
9a4e80b6-dded-5af7-8407-7ad7f9ade523,35.940486,60.325222,45.571122,True
9a53bea1-f08c-5cc1-b479-ce63dff5b81a,20.886248,38.548572,25.45022,True
9a897146-68ff-57f5-808d-c32118a9fded,25.180854,39.884167,29.048641,True
9ab8b517-c0d6-5ae8-a2e4-6f9b3aa832ea,25.10986,39.64143,31.476501,True
9af94d4a-e836-5454-94f2-56ad69ebd2f4,28.298305,46.798707,37.097387,True
9afd9b6b-4e8d-516f-8dc2-b6e0ccd98066,27.359081,47.822333,38.261199,True
9b23934a-4e1a-542c-805e-97ebece1bb7d,21.612077,36.452508,28.477695,True
9b25f824-b287-5c77-87d3-48fe5318e3c6,21.477637,33.42908,27.113426,True
9c33b426-29d0-51bf-aedd-3fa924d4cc2c,27.257653,47.437657,38.322862,True
9c6b692f-47aa-5698-904a-cde86fc6919e,31.129244,46.770838,35.406018,True
9c998e85-8254-57ec-a3c5-af61494efeaf,21.686686,36.394561,28.105702,True
9cc95fe4-6736-5efd-b4b3-328c059ae7dd,31.211128,50.945961,40.347496,True
9d46934f-5130-5bf7-9bfa-e55d9e84e58b,27.560802,46.100532,38.386549,True
9d49596c-458f-5b31-82e0-8dd45c5e8dec,20.861623,35.954036,27.598706,True
9de5e2db-f95b-5a56-b7c7-d330a5bee6db,25.930964,39.969971,32.124858,True
9e10df8d-ae2f-55aa-a68b-5601d04eedf3,30.702471,49.50197,40.34742,True
9e69c44d-e989-50b1-8769-3f5f308dd1a8,30.739872,50.977532,40.938981,True
9eb1930e-a7d2-5dd0-a9fe-ba63d7c99908,20.829649,33.924786,28.094044,True
9ec399a2-bf8b-5761-8e30-65604ed25109,29.805353,44.312888,35.694852,True
9f090ca6-1669-5a48-9a49-d020ca914aa8,30.948529,52.585292,41.777292,True
9f4084e1-871c-51fd-94e3-c62aaea5a7b8,32.892296,51.408389,41.897392,True
9fbbb13e-bccf-5655-9d4d-7629127a02a3,31.894884,48.966125,39.966907,True
a0b8c4d4-1c80-5815-a35e-2ee19c04c355,27.925957,45.952362,36.826677,True
a0ce8ab0-322b-518e-a6c0-530311cf09ca,28.691412,43.474675,35.743801,True
a0e9eec9-5339-5869-8bd0-4a3b69db0200,34.631589,51.900248,42.75745,True
a10364c4-735f-5754-bfa3-b876437375f9,38.206194,59.640307,46.12159,True
a1094f9a-ec4e-5b9b-8e0e-4a0934307a00,27.349272,46.963839,42.087077,True
a12c1404-d4de-5a2b-8f14-e1c3a9b8fbdd,35.044068,56.119848,45.818917,True
a248042b-225f-5d15-a467-084a761b6bdb,30.799003,52.5898,41.776615,True
a26e9b89-e488-5c3a-a341-aee81bafa8d7,24.573846,38.853798,32.671061,True
a27d184d-5d28-5052-8dad-eb24df6a1c6b,22.365875,35.534375,26.791794,True
a2a14fc3-92d2-597a-8bd5-f070e4a7bb34,33.284465,51.429621,40.774187,True
a2e41c81-bc64-5321-b13c-eea35966680b,29.293173,43.253112,35.951386,True
a3087b99-5aca-5b3f-9315-211b2a543add,34.289757,56.731201,46.873388,True
a30d3012-04a6-5447-8cc3-56e90dc2d50d,32.029733,53.185905,40.109139,True
a3d5d1e6-d3c1-5bd3-8769-fdeda06e4717,35.014925,55.557717,45.232367,True
a401f657-d73b-500a-ab61-073cb118549c,34.035782,57.410348,43.976308,True
a425e4b3-b992-5be5-8e50-a375a50881a7,22.434336,36.488229,28.419379,True
a4a8fc5c-bcd8-5701-9b29-a99d0088e6b3,31.80727,54.25159,40.584371,True
a4f812ce-f00c-54e2-bbec-cf29ba788286,27.598325,45.681265,37.107095,True
a5466260-34e2-58de-82fa-a963b6ebf429,24.237278,41.030945,30.851037,True
a5d6c967-1dba-529c-9911-5b5407fbea54,37.254928,57.809119,47.160684,True
a5f9296d-3efa-5bf3-b9a6-a6c444ccee82,34.349933,54.189385,42.737945,True
a601a052-a58b-534f-8102-ac88eae0de8a,34.484839,50.364723,43.096628,True
a629be25-3c8f-5249-b1dd-c72b4ce9ae79,34.364025,56.458455,47.029849,True
a7381948-3d93-5a26-be1e-7d8238eff981,24.139608,39.527096,31.024253,True
a765c3e3-972a-5cf6-9f73-4d61cf853b31,23.907224,39.123997,31.475054,True
a83cae23-fcf2-5583-b279-a1a5af4768e1,23.869873,39.659942,31.558717,True
a8ac9d20-e459-5e0a-9ed6-151190c12dc9,20.91105,34.223043,27.716314,True
a8ef0461-63b8-5632-9146-f0a078f55786,20.414966,33.103049,27.765938,True
a93a60d2-a584-57cd-8c36-756daf48014a,34.221022,56.410563,45.16885,True
a9784df1-59d1-5ed3-9e02-e62067d49246,21.297381,34.336202,27.574853,True
a9cabca0-9609-5821-86ae-8489089b4448,25.228029,39.799692,33.232981,True
aa1a8a90-0a13-53f1-8979-4d94d5c9c16a,28.59423,48.135129,36.558801,True
aa1f248c-b42f-5ff7-b73b-ae6aa84570ce,24.065557,40.850387,30.89817,True
aa45cc6f-e1d2-587b-99ae-11e9214099db,22.404724,36.325502,26.586225,True
aa47648b-4ea8-5ea9-9628-93867083b7c3,36.310009,58.68428,46.531038,True
aa5b385a-4129-5a0c-8d6f-f6ea9da0b373,27.483139,46.932202,35.144864,True
aa8dcc99-bbaf-547e-97c7-cca992af11df,27.490536,43.058853,36.876131,True
aafc0ba2-a05b-567f-a8c9-8bf3090984c6,30.919009,50.77846,41.701874,True
ab2c9bcc-09ac-5df8-8df1-5a1897d29c86,28.575374,43.744083,37.394302,True
ab365da7-0c4a-528d-9d5d-52d7ce958e01,25.272312,39.854066,29.086327,True
ab7375e1-7ede-51f3-b908-a74ef1e5da46,36.267752,59.019885,47.864597,True
abaf765c-2cf2-5dfe-9beb-63146577c92c,21.603645,34.311856,25.832868,True
abb95b18-738b-5cc5-a585-da8b56717cbd,34.058306,55.699275,44.626197,True
abc8dc84-3018-5c05-830e-7abb495ab95b,31.17183,51.365339,40.3676,True
abe82e31-48fb-5a3b-9995-30360cca662f,28.636236,47.34287,37.127035,True
ac20d6fa-455a-59c6-a2f8-a98c9c6b098c,34.962613,60.569287,47.552952,True
acc8b2c9-0cae-544a-ba27-bd8b6d53f56c,32.830744,49.274973,40.758988,True
ace1785c-7976-5906-94cd-7566a757c4d5,27.411389,48.042768,37.01093,True
ace314b2-306e-5b2d-9675-1b730376ae7d,31.374404,51.750657,43.133947,True
ad5abe7b-2ddd-590e-8680-03f70cf81445,29.461495,47.292382,35.284672,True
ad5ed959-d618-5db8-8417-b87147c32586,24.937499,39.26349,34.092211,True
ad6a1228-69d2-5ea4-af4b-ee71e31d1ea8,32.038881,53.045631,40.455923,True
ad9ab5cc-c83e-5d71-8c04-043a1e42515b,32.799488,51.739774,40.84136,True
adbd0375-a8fd-560e-b4eb-4ea4343b0227,34.70181,56.006624,46.411534,True
adf3a561-c865-5b93-a5d6-c43145897914,35.34026,57.912049,46.56044,True
aec0ed2f-99e9-595e-952d-c532d30e990a,27.222481,47.098262,34.690248,True
aed53e97-d692-5d8c-bf0f-90e597964acc,32.781635,53.716922,40.659765,True
af29f04f-e7df-516c-afb9-2ffb4a95c393,20.59429,35.275859,27.729212,True
af42b1a7-fe0a-52c3-83ff-ff5adc797381,28.435418,40.288545,31.856277,True
af5666b6-99dc-5289-bed2-1f8a27dec4c2,36.584109,57.701575,44.58892,True
aff4c9d7-c8c2-5ae0-94d5-38756afd7e0a,30.646635,52.94168,40.549166,True
b0a25a1f-7473-5910-a471-6bff8afca458,32.105273,49.922749,41.475925,True
b0d0ad6c-00a0-5956-ad1b-27704bd648da,34.262718,57.175974,45.452032,True
b0f5b3c1-fc51-5326-b57a-ae70edbb8f5b,24.501078,41.320969,33.026552,True
b1eb8a6c-70b8-57a1-8625-24378b2341ef,27.281601,43.741866,37.100054,True
b26c32e9-b2ce-5796-8cf4-dc97739d6255,30.803024,50.513983,41.792892,True
b2729870-e175-5fa3-99e6-b0231930830b,23.821661,36.53831,31.348821,True
b294501f-7594-580c-8d25-7ffd71aeeec7,27.404661,47.328967,34.845068,True
b2bc1141-6862-5f98-bbf0-215dfcffa8f1,20.863453,32.33441,28.078007,True
b2e8b000-e7b9-5e46-b821-a1e00588d172,20.570135,35.898906,28.943995,True
b3c2fb87-24fb-563d-98d6-64887ac19170,34.479018,55.715214,45.773268,True
b3c3cb8f-3143-5497-8810-f1aa1493f216,36.284354,59.524873,44.305993,True
b43ac9c8-e6eb-59e1-8bfd-ce4ddf80adea,36.355503,54.764525,44.51288,True
b4483670-2a6b-5666-a8ca-0dd5dbfd3b4d,24.108401,38.815921,33.271532,True
b4aae99e-94f6-5629-b862-1981bce319d2,36.637501,57.839033,43.417449,True
b4ce37f8-440f-5250-87cb-8054c273581b,30.595002,50.246023,40.690818,True
b55b4b10-7f8a-5484-9b25-5a0c4ba5c944,20.410282,33.062296,27.729391,True
b5924591-7c03-5eaa-afc3-2859e1cbc161,27.26943,47.167249,38.483857,True
b63ace38-dd53-5051-997f-c0183fbad4e4,36.456724,57.331282,44.417964,True
b643acb2-8fbc-5569-96b2-38811522462c,24.002937,39.243962,33.548131,True
b64c90b4-7f83-53eb-bea9-c9faf11f7e51,28.426616,42.666596,36.943497,True
b6fea3ef-21c9-5bcc-bf0a-ce73223f3f9e,20.483476,35.942133,29.042741,True
b713b459-f13c-58c8-bb6f-b626dcb6509a,21.167365,33.334595,27.300578,True
b71a0111-3a1f-5d14-aae0-70ba2db09993,34.191743,56.63182,46.462423,True
b79464f7-0fef-58ff-8364-cb452e4e706a,22.397183,36.544981,26.711219,True
b7a3f1a2-8fb2-5c79-ad53-4818cb2a9193,36.384749,57.877779,46.648438,True
b7e586fd-8a89-5464-b0a7-b1e3b6a12f47,27.281708,45.835908,37.1089,True
b80ec609-6429-5f05-8cd8-753acb4bbbb1,27.494112,44.54753,36.659382,True
b83a3fd8-f604-5f95-84b6-2eb1d07e25ca,20.86841,37.652163,29.451814,True
b886af5b-8fbb-59ed-a6d3-843e87323e56,35.489756,57.62818,45.560101,True
b88be909-d098-5111-93d1-2e174bee5a4c,34.46718,56.442515,45.755803,True
b8ba72d8-1867-545d-a9b7-d50d5a2465b1,27.581025,47.942774,37.118272,True
b8c86a0e-5220-569b-8a67-75ef35ae7b12,21.263222,33.28977,27.380046,True
ba1a161d-bcda-5fb8-93e9-1da22f5a65b2,31.285393,51.110755,40.109945,True
ba1ce7e7-eaed-5afe-b3a2-32983ea382f1,28.564517,43.197897,37.327589,True
ba3a3dac-c98f-59ea-9e5c-faeac0ba8521,20.531382,35.303255,25.994373,True
ba45010d-13f0-5186-ab4b-f4b6c594994d,27.31213,46.779542,35.541412,True
ba7ee21f-3cf6-5903-9de1-422be391f817,23.905167,38.973297,31.362713,True
baec240f-3623-5910-b9d9-04d4d312b497,27.32816,47.117775,38.57435,True
baf3eff7-682e-5316-bad4-8f057269cbe9,32.319044,50.808915,40.034172,True
bb58e0f7-4ead-5563-a6d7-4ecc594f711f,23.935491,40.004816,33.16736,True
bb6156d8-9a70-5cbf-b7ab-b3d4dfdf2cd6,36.341671,58.782859,44.47127,True
bba0420d-76a5-59fb-b735-61731503a972,31.269725,51.220126,39.999819,True
bc1f45da-9317-520b-a008-2498be4ec9d2,24.870611,39.970601,33.956602,True
bc366411-3ab0-5a06-9027-494465143238,24.199848,37.131684,31.320615,True
bcbc45ea-d316-5e08-97a4-290b5edb5260,20.570153,33.603214,27.818714,True
bced725c-8756-5cbd-a84c-f37a7fb1deeb,36.713131,58.020534,46.487133,True
bcfc6862-a78b-5dd6-baf3-5e48a3c8d56b,29.229709,43.297986,35.302513,True
bcffd34b-1929-5db8-b88e-1998a3901c9b,20.832243,37.727656,27.62723,True
bd7f27a7-3f8a-5e52-9b92-0bcf8cb79803,30.824145,51.151192,41.946329,True
bdb240c0-92a5-5ce1-a415-9cf58e659327,36.039599,59.177384,44.517971,True
bdb27363-a79b-5224-a9f6-7a8046c2a4d8,32.015638,49.788115,40.192227,True
bdcdccff-3478-5696-96bb-0343a0014570,23.949195,39.370947,33.206307,True
be6ff22c-97d9-592b-834b-11da7317d4ee,36.412077,54.796444,45.04046,True
be800447-38be-5aad-8657-13289a272563,32.201556,51.5821,39.054973,True
bf8123f7-902e-5f9c-b777-d8b0bc7d8c42,34.38767,55.950953,44.057855,True
bfdb815b-1570-5c79-9479-b0bfff1f6780,27.597139,39.854961,31.999166,True
c0465242-52ac-554e-9b56-eaad4ad49be8,27.316253,46.016301,36.992556,True
c0647620-66cd-55c3-b31c-266221b93229,28.066536,47.59697,36.859508,True
c0900f14-85de-5f63-983e-bfc49e31234d,25.006137,39.339041,32.170317,True
c09608a2-68d8-506e-a00e-17e223eb67c7,26.375376,39.956452,32.077489,True
c0e82d43-9bd3-57f1-9897-20144fb7d970,24.15925,40.875954,32.865498,True
c184c70f-2229-553d-ab67-a9c677703367,24.105081,40.918262,31.29288,True
c18b4623-a580-55f6-b2c5-ec58899e9bcf,36.279608,57.683316,44.594975,True
c18feb74-9a11-5eee-a0f1-8f1b86d994a6,27.904171,45.49112,36.918239,True
c1950d2e-879e-5841-905a-a77f527e1436,33.175924,51.650311,40.192475,True
c1e37210-ea5c-5f37-be32-98c6f8c5867d,25.120735,39.733815,31.309009,True
c2b5a4ea-5cbb-5bea-9743-e1c8cde7d548,24.697726,39.408869,32.722966,True
c313f7b5-b8af-5d70-ac7b-f8c4c59afda1,32.952734,51.811745,40.635956,True
c342d7e4-ace2-5eea-a8a4-30b4ce3cc1e0,35.08887,60.243901,46.883315,True
c34989a7-9d1a-54ab-b443-198313e962ba,34.146863,56.65547,45.470153,True
c39557a5-a4ae-5a0a-9383-2acf55e78b1a,24.090765,37.072723,31.064832,True
c39b0979-23ef-58f5-ad02-2a26b0f38566,22.38695,35.456218,28.552583,True
c3ac405f-649f-5cf7-921a-bed0dbb413c2,31.21445,51.012625,40.460843,True
c52535e4-772c-5723-97f8-34f24a54e8ee,23.836549,39.271011,31.227403,True
c5420b50-a086-56ea-8c5e-8e0ce1d03536,35.447532,58.104731,43.618437,True
c544b2e1-d44d-5919-8c62-3ab23b57c598,32.026462,51.532573,40.045701,True
c6592fb4-94f0-5811-b980-bddb7e59508a,25.234717,39.764617,36.426292,True
c666776d-a6a6-59fb-87b5-a32d8449a6cb,20.881945,33.062488,27.292986,True
c6693a88-1a8e-5cd7-a59a-6f58053b6dfa,21.624564,35.340515,25.915237,True
c77d1342-d3a2-599e-b912-6b8efb41b078,24.248115,41.35881,33.108546,True
c79fb208-7d60-5e42-8c0e-40d347e79470,34.708267,51.746426,42.624393,True
c7bf1853-e86b-543e-8096-7c53d4eb3adc,20.605664,35.583922,28.045642,True
c81a0acd-7db3-588b-9a44-72dfd46c70e2,26.429077,39.830097,31.907301,True
c8253ac1-f72e-5b85-8f5d-947d8731518a,31.254747,50.940014,40.155062,True
c82a869b-cc00-58ce-89ed-75f1512cc1fb,20.445904,33.341675,27.4899,True
c85084a5-9850-5458-b1ed-4fc22c80703e,29.405693,47.515672,37.050251,True
c8705dd7-814b-575d-98a1-d2b07403b7ef,35.293339,58.283359,44.024529,True
c881694b-769e-5295-8310-c54ae88fad8a,21.667428,32.370676,28.851683,True
c8c81448-b38b-5939-88f9-050690ea8d55,36.293676,58.928656,45.202596,True
c8e61896-9855-54a1-b853-6186ea5ab599,25.28455,39.980292,29.816214,True
c8f5f6bf-9d0d-539d-b72f-5309df25cc9b,27.347484,47.417364,37.043807,True
c90c8547-1ab4-54b2-b73e-faf82ba8cbb8,23.844535,39.026253,31.376441,True
c9232b23-6107-5924-86d2-28a3c92733d7,33.302464,54.073217,40.75133,True
c9a57af1-cf4e-566a-ac82-2c39cabaa8a6,21.589894,34.995548,27.44558,True
c9c2a1a7-9774-5cd2-a6b0-9d9ae5f27dd7,21.77873,36.425675,28.020592,True
c9c6b017-cbbd-5706-90d5-d53c308af760,32.930265,51.502292,40.665673,True
c9c8e1e4-b99f-5429-ace9-f0d0e1cad1a3,36.813501,57.921464,46.261737,True
ca4a33b6-2fb7-5bf4-ac8c-116bc042829b,27.989934,44.290387,40.404691,True
ca8775ef-acf3-53dc-b730-a1083776b799,24.676702,38.750532,30.931451,True
cae39dbd-1934-5239-b37c-edef8dcf93a4,31.170424,44.026002,35.278493,True
caee07b4-c444-5e42-bf2a-4365bbe9e36b,24.696427,41.239439,33.17794,True
cb31f421-f95a-5945-96f5-c96c726a1a97,31.341698,52.744803,40.102416,True
cb6a32a9-5410-5277-b564-4a02628641dd,34.187037,58.262699,46.533628,True
cb85f853-2679-5b47-8367-46751015e7bd,27.255672,47.685506,36.879503,True
cbbc05e5-8fcb-54d7-8551-26175a54ca31,36.342472,57.420573,45.800194,True
cbc739e9-4bfb-511b-be27-f9b748bc2714,35.498733,57.855307,43.456154,True
cbcd20d3-5f8d-5b26-81fe-a86ebaba2342,28.057187,47.349627,36.711694,True
cbd18f2b-6013-5885-9058-48de91b10811,34.205447,58.215155,45.283191,True
cbfddff2-613a-5628-9014-59095d82e161,30.862649,50.463464,41.823012,True
cc5750a9-8e1d-5dd6-a111-05f6764fdff7,33.93904,57.418683,44.529213,True
cc713f51-1ca5-5588-837a-8e5f216b9a08,24.619389,38.584257,30.66658,True
ccd7cefa-fa25-5ec0-bf68-ecc6d5fe25b5,34.169204,56.682336,44.63315,True
ccf0bbb9-7374-5d59-93dd-c1f124da5a97,27.360608,47.835853,36.994131,True
cd3612ce-0917-50d8-b86d-fba3445f438b,27.51544,42.965503,36.786563,True
cd538cf9-b92b-586d-a372-060aff11f61a,20.819297,32.27146,27.697808,True
cd5cdf2b-8714-52d5-a9d6-2de05573c5c7,34.399152,60.019466,44.254046,True
cdce8291-8282-516f-a7ad-4a52d8918d1d,20.933476,38.712348,28.777496,True
cdd4439c-b4b3-5567-851e-8c29df559029,32.317836,52.781219,40.180963,True
ce10a15d-7230-5663-b432-73a4eab0c805,24.258611,41.008407,34.887531,True
ce406abb-77ab-5687-804d-ee31007c41e3,36.761449,57.882539,43.472927,True
ce45be9d-5c10-57ca-be6f-9285e51021f2,25.63287,41.999832,33.579023,True
ce4d05dd-5da3-5c4a-990a-680e33731052,28.850958,46.560049,37.234333,True
cf2b44e7-6e44-5fc4-a07c-a0d56394fdc7,28.065132,44.571472,36.991173,True
cf5dd8b2-bf80-533c-9173-f1e0d7d5cfa2,20.534606,32.713117,27.856174,True
cff5fe9f-6668-5d81-8d0a-d23fcf9761b1,30.031748,46.111495,35.531772,True
d14f521f-8060-57de-9916-b0c9cd122fad,23.963308,38.585032,31.100818,True
d1590c6d-d040-5ea0-95c1-f108b14529d5,28.020099,47.877294,36.826984,True
d22b9a01-a2e8-50d3-947d-11d61a2be4a5,21.608294,36.396201,29.210467,True
d2a32f65-adb8-5b69-869d-5ad6264a9a59,26.152542,40.042756,31.882964,True
d2b27235-eee5-5f56-9154-a51928ddd757,20.68225,37.841942,28.650853,True
d2dc57fb-4ae1-5a02-9515-f881d4c888b7,34.014579,58.888871,44.339924,True
d310226c-8cdf-5a9b-93c8-6e55c20d5e35,33.313338,51.521444,39.801376,True
d33ade51-d82e-53dc-8f9c-21c259db5aa7,21.9969,34.581052,28.140223,True
d3c090cf-fb15-5756-8359-ec01fee90e27,21.839546,33.469545,25.929444,True
d427b63b-542f-55ef-a18e-e443bf2f00fc,34.133238,57.244201,46.268445,True
d4369769-25ae-5bda-a9bb-d18b74d2ad3b,34.505363,56.619093,45.40607,True
d44bb94d-3e87-5032-b319-668524e60388,31.385476,50.984743,40.652183,True
d4a004c4-00a4-5ca7-a58d-df0b72d6c63d,25.070286,39.73404,32.464202,True
d4a154dc-e5b4-50eb-917f-3cba3c8c029b,34.113662,56.590332,46.435329,True
d4c49e5e-3d3f-5c02-b89b-ec6dd136531f,34.628059,59.76066,45.897636,True
d4e0f750-431b-56c1-a25a-d1bc750c79a3,32.756629,51.701287,40.368935,True
d5f690c2-08fb-5b8f-976c-a6005f833eaf,28.63294,46.67464,37.355126,True
d642847d-02e2-5cbc-9e0f-087de083a0ec,33.191585,53.569805,40.654678,True
d6872277-0998-56a9-9fe1-0d83942f0f42,21.103701,34.94873,27.766713,True
d6a8cfb2-cbcf-5152-b05e-40d1a364b2f1,20.864803,32.926781,27.204316,True
d6e9db41-752b-56ef-9d8d-70b6e4c12e88,25.225223,39.890646,31.099822,True
d7420041-fac4-5be4-8f64-1fcf601c283b,24.095287,40.914616,30.942045,True
d7f4f64f-f8d4-5b14-aa53-b8a955e58fa7,24.040578,39.04326,31.176057,True
d84f751a-fb4d-5cfb-bf3a-818a5341f566,28.648859,47.019092,36.062622,True
d8918d19-6c7e-58e9-a11e-86d8430b4298,27.920556,46.467402,36.978059,True
d8a18c69-2416-5c45-a0da-8c1de040768e,21.76164,32.182237,29.207539,True
d8aad420-3ace-545d-ba5e-839163d2878f,25.06444,39.70836,31.397377,True
d8ac4bc4-83d7-5e9f-a090-72f1569823fa,22.964415,36.56139,28.36486,True
d8b980c2-6bd9-5aa8-91a9-5f8ceb6ed790,38.045978,57.910556,46.083624,True
d8dbfd90-1cb4-594a-bfe3-34b4de1ac86f,24.23797,41.340477,31.703465,True
d8e168cb-880d-572a-82bd-00f306f72fbd,36.249658,59.260594,45.815621,True
d8e9cbde-8352-58f2-8f23-f76c6aea652c,34.794148,56.747201,47.558468,True
d9117be7-a622-511f-952f-742da0d490a7,33.146058,51.439653,39.88604,True
d917727a-9146-5f70-9925-dffb7fa140f4,29.211323,46.073535,36.87429,True
d945c703-b2b5-5b91-85da-a8a5fe1c1af8,34.971279,56.83452,46.013775,True
d96539ad-53b2-5ebd-a594-5d581c3f4c5b,21.004442,33.349334,27.190914,True
d98d0f24-c120-53f5-8c88-4c6f96c6a59a,24.180668,37.060477,31.242775,True
da408625-149c-58b8-a9e6-a01e33d98179,24.105779,38.976475,31.289919,True
da7f3684-d1f1-51d6-b415-d5e9d704cf04,26.030241,40.491171,31.847407,True
da9dd7aa-fe85-5e2b-ab65-b1a0c973cdf3,36.090374,58.952242,43.788986,True
daab98e2-1bb3-52f7-9df7-5a0325965d7a,35.483385,59.482232,45.764922,True
dab007f6-b69c-5962-92c9-c813ed102409,20.609278,35.47422,27.807579,True
dab13029-b40f-5e9c-aa4b-a7ae17e82cce,24.971368,38.515075,31.427962,True
dadd00c9-1ec1-5dc7-81cb-272880c321d0,30.58422,50.397607,40.566306,True
dae1ffbc-22cc-5f26-a40e-563ff733dd0e,30.563551,51.262402,40.216336,True
db09d211-10e5-5d53-a971-f2fcace5d0bd,24.979209,40.995827,33.537815,True
db7af9bf-0fef-56f8-85d7-c40e5ef1507f,34.035017,57.497906,46.013695,True
db8a8246-daad-585c-9486-a55038d96140,24.956009,39.53196,33.407743,True
db8e84ac-e867-5d49-91dd-beb2e850b6e1,29.515569,46.619213,36.491721,True
dbf8ab89-42fe-5e99-81da-3b429536875a,28.567933,46.172207,38.12951,True
dc0db0a2-3262-5fff-ba57-d02560f75cb6,32.070014,50.943003,40.383198,True
dc7d7307-74bc-5713-8142-cbf982b673fa,35.512574,54.231373,45.536883,True
dc9791e0-cb42-5271-bdad-93b8230dd161,29.402061,44.303195,33.821116,True
dd65e59e-318a-5b61-909c-6f31f89a2f25,24.33128,37.067958,30.941412,True
dd7e216d-e532-527c-9e0a-2fe42f875c98,31.348854,52.487612,40.372072,True
dd9a4ae0-3d0d-5ebe-93d8-786ef184dbeb,36.223511,57.63114,46.491142,True
ddaabe62-1d39-5d7c-a2bd-bf703f2c0481,28.721358,46.574632,36.480526,True
ddea7e3b-4742-54a4-a417-1daf855ee55f,34.599207,59.590457,45.810503,True
de400b63-9fae-5067-b33a-4fb45bad1d96,21.918072,33.422787,28.211386,True
deb4b48a-524f-53ea-9df2-196460de9c3a,31.362937,51.503612,39.920083,True
df332c7a-6057-5227-afad-c21c3edd2c94,29.375057,46.752748,37.257703,True
dfa60478-6e57-5e1e-b803-86250756b81b,31.904974,50.164047,40.815251,True
dfa6e9ef-fd43-5beb-b3d3-cfea5fffb614,25.198446,39.451315,33.554256,True
dff99647-3ef3-5a16-8990-4842bc6e0694,34.265017,56.289164,44.027634,True
e04e9c67-99bd-5543-ab47-58a49eed3461,30.580913,51.332461,40.379698,True
e09c2178-5d0d-5913-8ea2-ba35ba399a14,31.174756,51.479325,42.76927,True
e1aaa09c-6ba3-5887-9b11-041534ca575a,22.357539,36.290767,26.512854,True
e28713da-d7b4-50fe-961a-ce31f2ff0ef2,23.885127,38.938788,31.367249,True
e28880c4-7579-57a9-b2b0-3bb48de4373f,25.268581,39.729209,32.31313,True
e2ce2ded-b0c0-54a1-9361-1118a755dc45,24.666065,39.915013,31.149389,True
e2fb3c12-5089-55ff-a7ca-758dea5b038d,27.390314,42.865598,36.946279,True
e34eaf54-508a-5e85-875a-7c2756f6841a,33.976745,57.194804,44.313069,True
e39a7439-f8ae-5ecd-a3c7-3936a6c3317d,22.455611,36.142067,28.618201,True
e3a0e05c-831c-51e3-9303-9354e0219871,31.039103,49.092349,40.466611,True
e3f580e5-5204-53e0-9c2f-42a3a032292c,21.643645,36.17061,27.913028,True
e413bac1-ab9f-5ca7-83fd-62b96e178d4b,21.863486,33.374137,27.916387,True
e452b4ef-662a-51b9-bda0-f6cf6734983a,28.001167,47.593906,36.027216,True
e4f2a204-acdd-5da1-8b09-a86f47e715be,34.06463,58.549413,46.088473,True
e4fefd44-ead5-5faf-a9b5-26de3b20a573,25.227596,39.359523,33.696983,True
e525d3ed-010f-57fd-b832-6120e38c684e,32.873733,51.942663,40.913971,True
e52b4284-fc46-5c86-9896-c15166f9946b,25.344865,39.955915,32.106272,True
e566efe8-94e4-58ae-8195-b02c662614ff,36.923431,57.082362,46.796725,True
e5a09cfe-f098-59ca-a8f6-970a8b8fc8f6,23.926386,39.086731,31.384047,True
e5f60833-b2d4-51f1-ba0b-21313d464c99,30.976736,51.166721,40.388708,True
e67ae684-c5a6-516b-9728-c97a6562b90a,34.613468,55.976403,43.954347,True
e693db17-31c7-53ed-81af-b550294ccb49,27.370946,49.153924,35.862028,True
e6e6a393-6014-5c43-b68b-b7056db7cd47,20.450845,34.612904,26.187561,True
e75bd654-267a-5d1e-8778-3e1913f4ede8,35.433074,58.013157,46.100792,True
e7ffc029-20ae-5e56-9acf-c8c7bbd476f2,36.304519,57.763368,44.488805,True
e815334c-e2ac-5f94-8aaa-80b993a0ef8c,35.40488,57.754182,47.504614,True
e8170356-ff90-5138-9200-a677bfb48b74,21.721662,33.30035,28.003585,True
e8223e3a-8a85-54bf-a4a2-aaf29275212e,27.891495,44.551138,36.684109,True
e8385053-187e-517c-8b08-c4093dce2140,29.447765,45.817857,37.237587,True
e8947227-cb7c-51bd-bd74-825a57bff079,25.444318,39.646524,31.369412,True
e8ac124c-0883-538b-995e-41d5950bc539,36.643958,57.883036,47.068804,True
e8bd2556-4d56-5a15-9831-db93ac828a60,31.266823,46.503963,35.844709,True
e8d558c5-255d-52ab-8856-761a19abf2e0,27.245646,45.67725,36.448894,True
e91d206a-61f7-5c79-adb1-31a8c8f48abe,24.085908,34.516154,31.323588,True
e975d927-607a-5c3c-adb8-6227c06b9a9f,27.69085,45.985773,37.0284,True
e9bd7991-c48c-50c3-8031-a8a2f7de6563,32.012699,50.94359,40.284971,True
e9d650d4-0af4-524c-bf9c-4def79283d34,30.692886,50.148867,40.777658,True
eafc5389-e1b0-5380-842d-43b9eb97e4fa,32.037999,51.058648,40.491522,True
eb13980f-e586-545d-af08-14e940ad6e49,36.689414,57.931324,47.568057,True
eb591599-ecd5-5f7e-8c50-4c1c09f96487,20.524214,35.834509,28.104855,True
ebb37b20-0a13-57a8-8655-3d2e47c92a76,27.246652,43.013901,41.154508,True
ec6acb28-06ed-5ea8-a85a-f6db6051d9d0,21.917735,36.355945,27.952256,True
ecd31ee5-8251-5192-8479-929d11c1bb77,36.410467,57.703002,44.594687,True
ecd3398b-a4ab-534b-b381-be1511f1cb29,21.805821,33.247707,25.674946,True
ecef5763-a54c-57e0-97ca-e1eba1da9023,22.002143,33.921467,27.67135,True
ed7cb430-ff65-515f-ada3-96b92f708940,27.246792,48.151133,36.838272,True
edf1fc8f-2855-563f-98bd-ecbf3940e077,33.27888,51.547538,40.715635,True
eee54f0b-1634-5f4a-ab23-bc5c6230b9ce,35.012114,55.887372,45.240929,True
ef16b679-aa39-5a25-8430-a3f4be76563f,36.732337,57.720873,46.438775,True
ef4a3c7e-6399-5b1f-9a48-86555325a5ee,24.537073,42.158717,33.384215,True
ef583ab9-e43b-5cc9-bb94-0d7526855dc6,23.936016,39.668537,31.604247,True
efa58933-8fe6-5c78-903f-81efd3422e1c,27.329418,46.96961,37.145117,True
eff97d77-ae00-5d98-9a3d-815272fc70a4,36.09993,57.953804,44.755155,True
f00492e7-b7cf-55d3-8658-7bd746964027,30.75962,50.887905,40.230018,True
f01379f7-1275-51d7-99b1-bce06ed69a97,25.746975,39.955092,32.081013,True
f0795a79-8f6c-5aa7-b630-2c7de286e73a,24.05572,38.777481,31.436158,True
f0be7b89-cb64-5e2b-9161-e11be9779336,31.612899,52.237111,40.953176,True
f0df9f8d-6068-51fa-8851-3f2b58baa252,25.294915,40.257994,33.129524,True
f0e34ec1-ff0f-5b85-ac36-e935b60c69b1,35.515173,58.187406,45.409953,True
f0ecffff-1944-56f3-9fda-3a5536019dba,31.573309,51.628064,40.420842,True
f10b952e-aa55-5b23-b67e-ef8ec15da924,21.80708,33.343522,27.789905,True
f1348a6c-fe00-517a-9b99-df4faba88270,23.871396,41.574183,31.492021,True
f18bb36d-67bb-5e78-9eb7-658823f44f08,31.070897,50.988477,40.074385,True
f1b45904-96c7-57b1-bf21-db5363440a77,27.624245,47.942331,36.860673,True
f2469e5e-b855-5f4f-bc5d-49bebb618767,20.489975,32.558735,27.948568,True
f29acdd4-3ba9-5de8-aa26-b4804dd89985,25.330981,39.8398,33.79608,True
f2dd10b0-ea83-5239-b110-16759b0a4664,20.763881,33.502371,27.848292,True
f2eaa43c-f4b1-5f31-b8a5-0502bf86d57d,38.196323,53.640415,46.275639,True
f3537ea6-8622-51a5-8a06-c0a6ad7ced4f,24.143652,41.070667,30.724669,True
f421c3e3-460a-53cf-8742-998b9ebed808,36.400135,58.799623,45.894149,True
f4475d6c-69d8-550e-b89a-64cf63df94f5,33.266101,51.649213,38.826198,True
f447e6f4-696a-5b48-b681-4bfe2e1a6f29,33.418081,49.788859,40.814696,True
f44cb27e-2fb5-5d82-8458-bfae3fecbd55,24.61042,40.059471,33.265492,True
f454e1cc-79c5-5f45-8105-b318d0b686a2,24.11064,40.917023,34.260103,True
f489b9af-ef7a-53ef-b987-cdbb52ee0c68,25.333913,39.929199,31.31047,True
f49073ea-74a7-52b0-9095-646ee1e5fcd6,31.316296,51.054549,40.188738,True
f49c0dbd-d96e-550e-afc9-e0510695a5c1,23.902651,40.24381,33.667697,True
f49e38e6-9c7d-533b-9d34-c016c436ebf3,23.931978,39.722966,31.101463,True
f4d15ad2-297e-5735-a75b-70fb410cf209,27.695529,46.027619,36.86528,True
f4f32447-5f63-5faa-9fc4-9fe1fdadb2dc,28.555005,48.649755,37.079518,True
f59bcd19-ce34-560b-a78d-8d30d8f0f6b0,31.37634,51.224531,40.390928,True
f5c751bc-2321-5343-91a9-3caaa351cb0a,25.052259,39.65473,31.768467,True
f60803fd-5f3a-5bf7-b89c-c03a070630cc,24.228427,41.10192,33.153932,True
f6197560-3a67-5180-9dff-4fac5c453ddb,32.961029,49.755605,40.318948,True
f684ff1e-23cb-5383-a026-639d3cdf7002,28.071214,48.873646,36.859162,True
f68510dc-deb4-5da5-91d8-8c3eefc8284a,38.093253,58.415398,46.594421,True
f69d0c2c-e636-5588-a995-694008581f29,27.683643,47.722336,36.714946,True
f6fdfa41-6f8c-5b9b-a648-dbb6b46166c1,24.017529,38.998853,31.404962,True
f6ff0fe4-04cc-5668-820b-e40fb9d593cb,22.551697,31.73384,26.945378,True
f71949a7-2206-57ee-b133-513ed9e85aeb,20.826093,33.631293,27.645868,True
f7243ea5-deec-5f52-9b35-c29ade0db0db,31.313382,52.981496,39.982503,True
f74865c7-3972-5a72-88c3-d1d5be54992f,20.417232,34.693867,26.292937,True
f77ebe58-5bbe-5332-a66a-ec2e3f8a5c24,30.060103,43.530738,35.180726,True
f85d7e79-91b1-52b3-98f0-3ff3d81dd620,24.208252,41.19801,31.347811,True
f8806739-dbfc-56a9-b03e-595dbeb60988,25.854211,40.559946,31.137899,True
f8c57f52-aa44-5d5f-81e1-d231232a92ed,22.958228,36.439156,28.834777,True
f8e4cf15-76c2-54c0-9c6d-4aec55bd406d,28.740891,43.052341,37.395785,True
f8e52ae8-a728-592b-8801-6a63c659044b,20.546421,35.508996,26.138215,True
f92eaa27-bce8-5d83-95c9-12801bf2e0e6,24.776955,40.297164,33.150835,True
f94bfd04-90e5-59b1-8195-757d21542d7c,23.853792,38.861994,31.319315,True
f9688e28-22ab-5cfa-8b1f-0b356440ba0e,27.235599,46.132811,37.151051,True
f9e43946-1516-5216-b216-e2c36f6ccc92,20.592168,32.742784,27.630876,True
fa01e9b5-9514-5f56-a8c1-8a1e87b7df07,29.976423,46.58453,35.404521,True
fa219153-d1ae-5c7c-8f81-702ed625a22b,24.179605,40.865897,33.058058,True
fa79fd30-8d8a-5353-85c8-707f330b869f,30.73086,52.174667,40.876203,True
fa9d3748-e536-5aed-b398-527ee6fbfe4b,33.307819,50.11193,40.046231,True
faaa76fa-0e93-559c-ac76-cdeeb214805e,25.82768,40.001014,31.876072,True
fadaada8-a5df-53e6-8400-cafff5f28d82,22.358122,29.788813,26.517641,True
fb22d799-19a4-5780-9058-139264407aa2,25.075796,39.767083,31.934513,True
fb2f0f6c-1dc7-5909-9a7d-90c3d64aea95,30.805055,51.407184,40.25017,True
fb387346-109e-5a4e-91b9-3e5b6ef2eb10,29.506803,48.190683,34.879179,True
fb3bf8ce-db9a-54d7-aab2-b7a10889ec9f,21.877883,33.349573,27.892384,True
fb8a9bd4-6bec-5fcf-b727-7d0705ba1720,37.882287,58.226113,46.29806,True
fbf14efc-3c14-5235-bf26-e8deb578edf2,20.591053,31.353071,27.642091,True
fc335993-7e2c-5ea7-9d08-16796418d3ee,29.801331,48.23341,35.613213,True
fc4f51b1-461b-56ff-a12c-f09fe147aefd,27.380732,42.832019,36.919143,True
fc534286-3b55-5828-a992-01689b8f9216,24.208879,41.22146,32.994941,True
fd23fe47-255f-57ef-8f41-0be6dda977a0,22.088453,33.918236,25.745614,True
fd7a6b00-eadb-5489-babc-07588c7ea406,34.216969,56.807735,48.718405,True
fd8fe201-6cd3-5a6a-9193-18897b9e46a9,20.853564,34.890266,28.593151,True
fd92decc-813d-566b-bc9a-6f62a81c4619,29.537587,46.476496,37.454659,True
fdff0ddb-1c42-5c98-8fad-d7d7a60676e0,25.026157,39.241162,30.607578,True
fe73c02c-d59e-578a-89ac-1beb177bcc85,21.937821,36.31959,27.598004,True
fe96cd23-ce28-56a2-b0b6-e41ace6575d9,27.401843,48.942308,37.053755,True
fea96b1e-174c-5de2-a585-203050d3696e,25.923945,39.925968,31.749825,True
fec6c960-91a2-5140-96d2-3bda3b870125,24.784763,38.512054,31.352258,True
ff034000-33b2-5b37-abe7-fca920186972,35.552801,57.875093,44.452475,True
ff197331-c0ec-514d-848f-43162aefbc43,31.351749,51.208996,40.196424,True
ff2c39ce-a07c-57c8-a46e-377cefb5fb47,34.224651,56.689031,45.310681,True
ff564ab8-0467-55ce-9273-94c538d2bbf0,31.172954,51.688215,40.388662,True
ffb47ebd-b537-5d6e-bf42-2520973a7d1b,24.603983,39.430445,30.832081,True
