transaction_id,node_profile,type,final_block,count,median,mean,std,min,max,cv_pct,range_pct_of_median
60c708fb-7463-52e9-96b5-b50c816fcb7e,Medium,CASH_IN,10,5,26.931071,26.983946600000003,5.83196751082641,21.646405,35.688291,21.612729958583632,52.140094985453786
11aebadb-66f8-5dad-b88f-38cf092fb1db,Medium,CASH_IN,10,5,30.832749,28.783891800000003,5.527674932754793,21.715381,35.706508,19.204056807755205,45.377488072828015
39b5f649-fc3c-5de6-bbab-1a12422f73da,Medium,CASH_IN,10,5,29.011469,27.9301238,5.143611595356049,21.723383,34.174575,18.415999986924685,42.91817143075381
e39a7439-f8ae-5ecd-a3c7-3936a6c3317d,Medium,CASH_IN,6,5,28.618201,27.488969200000003,4.85691674950963,22.399609,33.209849,17.66860268267036,37.77400263559543
58332f6a-b247-5419-ae5c-b44aad21a282,Medium,PAYMENT,10,5,30.670648,32.094565599999996,5.628660974258559,25.11709,37.987765,17.537738458309466,41.964144350650834
2ac27ae0-f91b-5a9c-ac42-ae4a2d80de4f,Medium,CASH_IN,8,5,28.208499,27.7512588,4.726847386648229,23.160245,34.381463,17.03291162651054,39.779564307905915
fd8fe201-6cd3-5a6a-9193-18897b9e46a9,Low,CASH_IN,7,5,34.890266,36.621012,6.217195981682297,30.931815,46.847385,16.977127725695556,45.61607526867237
2b7495fe-5b41-54ab-a779-3ac6d858464a,Medium,CASH_OUT,3,5,36.921741,40.340977599999995,6.8259343900552425,36.637833,52.418953,16.920597358194026,42.742079795207935
3d478182-b4f9-5855-b5e7-42c7dbe33b0d,Medium,CASH_IN,4,5,26.77885,28.007692400000003,4.7258086663266745,24.566073,36.122501,16.873252529461062,43.15505706929163
c2b5a4ea-5cbb-5bea-9743-e1c8cde7d548,Low,PAYMENT,1,5,39.408869,40.8920086,6.864117643754389,32.662763,48.917514,16.78596351404071,41.24642856408794
885d8f13-c8e7-58aa-bc82-7f145ed7653b,Medium,CASH_IN,10,5,25.930396,27.3015716,4.530081560961712,21.607398,32.916737,16.59275014395769,43.614216304294
d6872277-0998-56a9-9fe1-0d83942f0f42,High,CASH_IN,5,5,21.103701,23.5824132,3.853234250467612,20.392684,28.429093,16.3394399792283,38.08056700575886
ecd3398b-a4ab-534b-b381-be1511f1cb29,Medium,CASH_IN,4,5,25.674946,26.810802799999998,4.329110015386963,21.404321,31.80702,16.146886938376063,40.51692650103335
ad5ed959-d618-5db8-8417-b87147c32586,Medium,PAYMENT,10,5,34.092211,32.123624,5.150566243349705,25.363952,38.066458,16.03357779106649,37.25926136031482
c0900f14-85de-5f63-983e-bfc49e31234d,Medium,PAYMENT,10,5,32.170317,31.912354800000003,5.070688354200761,25.150101,38.565963,15.889420840234456,41.70261051515285
fadaada8-a5df-53e6-8400-cafff5f28d82,Low,CASH_IN,6,5,29.788813,31.8661424,4.860854091754019,28.486823,40.355399,15.253977185999204,39.84239318297106
3f5d0ef4-7d0c-5784-9114-5669e1a94ef1,Medium,CASH_IN,4,5,27.784455,27.5326928,4.127500516365104,21.664821,31.989061,14.99127072803102,37.15833188018264
c39b0979-23ef-58f5-ad02-2a26b0f38566,Medium,CASH_IN,6,5,28.552583,28.821962000000003,4.298744338461756,22.372754,34.224981,14.91482203210786,41.510174403485664
b713b459-f13c-58c8-bb6f-b626dcb6509a,Low,CASH_IN,1,5,33.334595,35.2312312,5.210837993451503,31.580768,44.118834,14.790394249552943,37.61277435649061
1a2618d9-d569-5862-a7ae-8a5fec39364e,Low,CASH_IN,1,5,34.78863,33.643992600000004,4.9585291629326225,25.591415,38.946783,14.738230452864332,38.39003720468441
c90c8547-1ab4-54b2-b73e-faf82ba8cbb8,Medium,PAYMENT,8,5,31.376441,32.0617714,4.712967817522659,26.91069,39.224783,14.699648870687973,39.24630266383623
6941b8d3-e95e-522a-97bc-db1b0fc3c553,Medium,CASH_IN,4,5,27.09854,26.963854400000002,3.938615910576874,21.46721,31.709137,14.60702113336168,37.79512475579864
6cb27940-cab3-59ca-aa3b-a2b74503dc24,Medium,CASH_IN,4,5,25.733437,26.451979599999998,3.8615154376782312,21.424983,31.578632,14.598209646578706,39.45702628063246
61dc44e2-e46d-5e6b-95ac-e043762ab645,Low,CASH_IN,1,5,34.924744,33.7606904,4.911204125699807,25.706252,38.918646,14.547108093795991,37.83104036496303
19d15394-28c3-519e-a032-838abad9b520,Low,PAYMENT,1,5,38.348476,40.086882,5.809248681523284,34.786447,46.502735,14.491645126012253,30.55216066474193
4e1f5d0d-dfac-5477-800d-f585f8e4cd51,Low,CASH_IN,6,5,40.666392,37.7154816,5.457982614283167,31.595089,42.225132,14.471464721487653,26.13962654960883
9a53bea1-f08c-5cc1-b479-ce63dff5b81a,Medium,CASH_IN,7,5,25.45022,27.3882106,3.950179752009496,22.936605,31.650436,14.422920174308487,34.23872563773515
475a5a50-0621-58d2-818a-c08da3d9e3bd,Medium,CASH_IN,10,5,25.991691,27.084837600000004,3.903024674116511,21.693332,31.424448,14.410367644650416,37.439333977923944
f1b45904-96c7-57b1-bf21-db5363440a77,Low,CASH_OUT,3,5,47.942331,47.542780199999996,6.84669146705843,41.006116,57.603284,14.401117137567883,34.61902592929827
6fd04887-a1bf-547d-b43c-81df396c7bfc,Medium,CASH_IN,4,5,28.268519,27.4479152,3.9460640363521335,21.533085,31.744044,14.376552855104032,36.121308654337355
ce10a15d-7230-5663-b432-73a4eab0c805,Medium,PAYMENT,7,5,34.887531,33.7374382,4.846518552100126,28.60205,39.375838,14.365401793014994,30.881485995669923
fa219153-d1ae-5c7c-8f81-702ed625a22b,Low,PAYMENT,3,5,40.865897,39.7856378,5.711495912958461,33.833183,46.048237,14.355672621536964,29.890580891935404
47db0cd4-c767-54e2-abfa-82abfef09f8c,Low,CASH_IN,10,5,34.251453,35.7472228,5.118078897702947,30.046117,42.12483,14.31741684196778,35.26481927642604
d8ac4bc4-83d7-5e9f-a090-72f1569823fa,Medium,CASH_IN,6,5,28.36486,26.4376842,3.7850205471417455,22.344355,30.612098,14.316762839393268,29.14783644269705
5767e7e9-cedc-5f35-a529-4f4c45b8df2e,Medium,PAYMENT,1,5,36.600993,34.9299046,4.988725467065539,28.722554,40.792277,14.282104472353865,32.97649055587098
92a5a593-df9b-5057-a246-c80b23e8e349,Medium,CASH_IN,7,5,27.136708,28.067982999999998,3.979095465942983,22.813402,33.660429,14.176634872348979,39.97178655568686
4e076bd8-c0dc-57f1-93c4-269e95a4cb8d,Low,CASH_OUT,5,5,43.195942,46.9336658,6.65109821427148,42.611947,58.191442,14.171273649524899,36.06703379683212
8263245f-0479-50e7-8d50-1b6d6c85852f,Medium,CASH_IN,6,5,28.2919,28.0414714,3.9456163924237866,22.352779,32.568059,14.070646779340498,36.10673019486141
fadaada8-a5df-53e6-8400-cafff5f28d82,Medium,CASH_IN,6,5,26.517641,26.1384862,3.658372233370149,22.429257,30.587327,13.996113643988108,30.76468981535725
f3537ea6-8622-51a5-8a06-c0a6ad7ced4f,Medium,PAYMENT,7,5,30.724669,31.8066634,4.4337491302369925,26.562346,37.4066,13.939686393628426,35.2949416639769
03800b45-8301-53c2-9f30-6b7dd80497ae,Low,CASH_IN,1,5,31.401046,34.1293706,4.7500436173349305,29.377978,39.493273,13.917759202201433,32.21324219581731
3a26f065-7e73-59a4-9eef-d3025b75f0b1,High,TRANSFER,6,5,42.911684,44.4894366,6.171814208292225,38.079746,51.273642,13.872538471957691,30.746628354179716
64c8f28c-fa7c-5428-8efe-24dc9698967a,Medium,CASH_IN,7,5,29.270868,28.6662126,3.975711223059253,23.064435,34.053326,13.868979758627942,37.54207425621953
95fc3f3b-8a75-5026-9c4a-a0dbabdb89db,Low,CASH_IN,6,5,31.677077,33.521261800000005,4.626025352779339,29.465929,41.389155,13.800272138858864,37.63991860738919
c90c8547-1ab4-54b2-b73e-faf82ba8cbb8,Low,PAYMENT,8,5,39.026253,39.869901399999996,5.478435602116659,31.841168,46.225557,13.7407804126565,36.85823745364436
36bd460a-f525-5113-82db-051a9777db22,Medium,CASH_IN,7,5,27.59716,26.8264266,3.679720755837092,22.857395,31.090268,13.716775665668015,29.83231970246213
4b238cf0-8b0d-5c34-a7f5-69ed6e692610,Medium,CASH_IN,6,5,26.655264,27.325381399999998,3.7400370232306246,22.359384,32.709706,13.687044175092922,38.830311341129466
02f15c4d-03d8-5ae0-8951-33b67a411614,Medium,CASH_IN,10,5,28.885096,27.455071399999998,3.743015611813596,21.680863,30.522684,13.63323940149577,30.610322361400506
45adfa5c-351c-55d2-a06f-3455cba9c7cf,Medium,PAYMENT,10,5,30.786524,33.294636000000004,4.533152272569389,28.664835,38.381703,13.615263048886877,31.562082162961957
006ca6d7-2113-5e40-8812-de583cc5c117,Low,TRANSFER,7,5,59.519256,58.5882156,7.952344481344778,50.561866,70.762442,13.57328329580459,33.93956402949659
