transaction_id                      , source_row_index, step, type    , amount   , oldbalanceOrg, oldbalanceDest, node_profile, cpu_limit, memory_mb, repetition, status , service_time_ms, schema_validation_ms, security_authorization_ms, begin_db_transaction_ms, idempotency_check_ms, account_lookup_ms, type_specific_validation_ms, state_update_ms, ledger_update_ms, audit_log_ms, completion_record_ms, commit_ms, rollback_ms, error_type, error_message
4c47fd72-93b9-5bbe-8da2-5611d12202e7,                0,    1, PAYMENT ,   9839.64,      170136.0,           0.0 , High        ,      1.0 ,      4096,          1, SUCCESS,        0.158413,             0.002002,                  0.027969,                0.001831,             0.007934,          0.015986,                    0.001639,        0.032594,         0.015192,     0.020086,             0.018318,  0.003575,            ,           , 
4c47fd72-93b9-5bbe-8da2-5611d12202e7,                0,    1, PAYMENT ,   9839.64,      170136.0,           0.0 , High        ,      1.0 ,      4096,          2, SUCCESS,        0.146376,             0.00168 ,                  0.025406,                0.001749,             0.007659,          0.014996,                    0.00122 ,        0.031534,         0.014977,     0.019533,             0.013449,  0.00364 ,            ,           , 
4c47fd72-93b9-5bbe-8da2-5611d12202e7,                0,    1, PAYMENT ,   9839.64,      170136.0,           0.0 , High        ,      1.0 ,      4096,          3, SUCCESS,        0.172333,             0.001666,                  0.025688,                0.001724,             0.007444,          0.015222,                    0.001168,        0.034621,         0.020093,     0.029249,             0.018372,  0.00496 ,            ,           , 
4c47fd72-93b9-5bbe-8da2-5611d12202e7,                0,    1, PAYMENT ,   9839.64,      170136.0,           0.0 , High        ,      1.0 ,      4096,          4, SUCCESS,        0.155672,             0.002185,                  0.027362,                0.001792,             0.008658,          0.016275,                    0.001361,        0.032954,         0.015275,     0.020192,             0.014801,  0.003729,            ,           , 
4c47fd72-93b9-5bbe-8da2-5611d12202e7,                0,    1, PAYMENT ,   9839.64,      170136.0,           0.0 , High        ,      1.0 ,      4096,          5, SUCCESS,        0.155684,             0.001965,                  0.025956,                0.001795,             0.00746 ,          0.015778,                    0.001259,        0.032361,         0.015206,     0.025392,             0.01383 ,  0.003764,            ,           , 
4c47fd72-93b9-5bbe-8da2-5611d12202e7,                0,    1, PAYMENT ,   9839.64,      170136.0,           0.0 , High        ,      1.0 ,      4096,          6, SUCCESS,        0.209635,             0.002054,                  0.056291,                0.002623,             0.025759,          0.015508,                    0.001421,        0.032834,         0.014617,     0.023086,             0.018528,  0.003898,            ,           , 
4c47fd72-93b9-5bbe-8da2-5611d12202e7,                0,    1, PAYMENT ,   9839.64,      170136.0,           0.0 , High        ,      1.0 ,      4096,          7, SUCCESS,        0.187493,             0.001987,                  0.025886,                0.002491,             0.011722,          0.024614,                    0.001424,        0.04598 ,         0.016102,     0.022663,             0.015534,  0.004815,            ,           , 
4c47fd72-93b9-5bbe-8da2-5611d12202e7,                0,    1, PAYMENT ,   9839.64,      170136.0,           0.0 , High        ,      1.0 ,      4096,          8, SUCCESS,        0.257156,             0.002813,                  0.049433,                0.003421,             0.013976,          0.025128,                    0.001983,        0.050703,         0.020939,     0.033238,             0.021518,  0.006207,            ,           , 
4c47fd72-93b9-5bbe-8da2-5611d12202e7,                0,    1, PAYMENT ,   9839.64,      170136.0,           0.0 , High        ,      1.0 ,      4096,          9, SUCCESS,        0.199104,             0.003468,                  0.034272,                0.002054,             0.009295,          0.020007,                    0.002243,        0.042743,         0.020601,     0.02427 ,             0.022137,  0.004454,            ,           , 
4c47fd72-93b9-5bbe-8da2-5611d12202e7,                0,    1, PAYMENT ,   9839.64,      170136.0,           0.0 , High        ,      1.0 ,      4096,         10, SUCCESS,        0.288687,             0.002901,                  0.040907,                0.002908,             0.011703,          0.048238,                    0.002419,        0.063571,         0.024888,     0.039778,             0.023078,  0.00632 ,            ,           , 
4c47fd72-93b9-5bbe-8da2-5611d12202e7,                0,    1, PAYMENT ,   9839.64,      170136.0,           0.0 , Low         ,      0.25,      1024,          1, SUCCESS,        0.145115,             0.001615,                  0.025683,                0.001727,             0.007153,          0.014222,                    0.001499,        0.031012,         0.014495,     0.019605,             0.013879,  0.003826,            ,           , 
4c47fd72-93b9-5bbe-8da2-5611d12202e7,                0,    1, PAYMENT ,   9839.64,      170136.0,           0.0 , Low         ,      0.25,      1024,          2, SUCCESS,        0.14307 ,             0.00156 ,                  0.023718,                0.001634,             0.007202,          0.015185,                    0.001181,        0.030732,         0.015026,     0.01924 ,             0.01274 ,  0.003688,            ,           , 
4c47fd72-93b9-5bbe-8da2-5611d12202e7,                0,    1, PAYMENT ,   9839.64,      170136.0,           0.0 , Low         ,      0.25,      1024,          3, SUCCESS,        0.147737,             0.001591,                  0.025314,                0.001768,             0.007321,          0.015057,                    0.001255,        0.03214 ,         0.015698,     0.019409,             0.013834,  0.003706,            ,           , 
4c47fd72-93b9-5bbe-8da2-5611d12202e7,                0,    1, PAYMENT ,   9839.64,      170136.0,           0.0 , Low         ,      0.25,      1024,          4, SUCCESS,        0.143075,             0.00157 ,                  0.023988,                0.001726,             0.007416,          0.014889,                    0.001234,        0.031025,         0.014624,     0.019226,             0.013037,  0.003693,            ,           , 
4c47fd72-93b9-5bbe-8da2-5611d12202e7,                0,    1, PAYMENT ,   9839.64,      170136.0,           0.0 , Low         ,      0.25,      1024,          5, SUCCESS,        0.171419,             0.001479,                  0.02352 ,                0.001627,             0.006921,          0.014397,                    0.001144,        0.03018 ,         0.031595,     0.03097 ,             0.013901,  0.004082,            ,           , 
4c47fd72-93b9-5bbe-8da2-5611d12202e7,                0,    1, PAYMENT ,   9839.64,      170136.0,           0.0 , Low         ,      0.25,      1024,          6, SUCCESS,        0.126477,             0.001178,                  0.031702,                0.001369,             0.005788,          0.011921,                    0.000914,        0.024632,         0.011573,     0.01557 ,             0.010439,  0.002991,            ,           , 
4c47fd72-93b9-5bbe-8da2-5611d12202e7,                0,    1, PAYMENT ,   9839.64,      170136.0,           0.0 , Low         ,      0.25,      1024,          7, SUCCESS,        0.119203,             0.001352,                  0.021213,                0.001417,             0.006214,          0.01419 ,                    0.000948,        0.024177,         0.011119,     0.015097,             0.010203,  0.003238,            ,           , 
4c47fd72-93b9-5bbe-8da2-5611d12202e7,                0,    1, PAYMENT ,   9839.64,      170136.0,           0.0 , Low         ,      0.25,      1024,          8, SUCCESS,        0.121238,             0.001342,                  0.020455,                0.001461,             0.006043,          0.012407,                    0.000944,        0.026814,         0.015356,     0.015034,             0.009876,  0.002871,            ,           , 
4c47fd72-93b9-5bbe-8da2-5611d12202e7,                0,    1, PAYMENT ,   9839.64,      170136.0,           0.0 , Low         ,      0.25,      1024,          9, SUCCESS,        0.11054 ,             0.001167,                  0.018994,                0.001262,             0.005553,          0.011585,                    0.000813,        0.023718,         0.011436,     0.015108,             0.009906,  0.002801,            ,           , 
4c47fd72-93b9-5bbe-8da2-5611d12202e7,                0,    1, PAYMENT ,   9839.64,      170136.0,           0.0 , Low         ,      0.25,      1024,         10, SUCCESS,        0.109361,             0.001131,                  0.018405,                0.001263,             0.005432,          0.010865,                    0.001092,        0.023756,         0.010972,     0.01497 ,             0.010063,  0.002907,            ,           , 
4c47fd72-93b9-5bbe-8da2-5611d12202e7,                0,    1, PAYMENT ,   9839.64,      170136.0,           0.0 , Medium      ,      0.5 ,      2048,          1, SUCCESS,        0.443457,             0.004197,                  0.06228 ,                0.004259,             0.018707,          0.036195,                    0.003548,        0.153135,         0.037255,     0.052389,             0.034001,  0.009689,            ,           , 
4c47fd72-93b9-5bbe-8da2-5611d12202e7,                0,    1, PAYMENT ,   9839.64,      170136.0,           0.0 , Medium      ,      0.5 ,      2048,          2, SUCCESS,        0.505612,             0.006042,                  0.086359,                0.005503,             0.023144,          0.043071,                    0.003788,        0.104439,         0.043472,     0.072009,             0.065673,  0.015992,            ,           , 
4c47fd72-93b9-5bbe-8da2-5611d12202e7,                0,    1, PAYMENT ,   9839.64,      170136.0,           0.0 , Medium      ,      0.5 ,      2048,          3, SUCCESS,        0.406105,             0.004572,                  0.06967 ,                0.004816,             0.022063,          0.039883,                    0.003391,        0.100412,         0.038873,     0.049224,             0.03522 ,  0.010143,            ,           , 
4c47fd72-93b9-5bbe-8da2-5611d12202e7,                0,    1, PAYMENT ,   9839.64,      170136.0,           0.0 , Medium      ,      0.5 ,      2048,          4, SUCCESS,        0.35502 ,             0.004038,                  0.061606,                0.00411 ,             0.019639,          0.036894,                    0.002891,        0.075997,         0.035475,     0.046673,             0.032857,  0.009111,            ,           , 
4c47fd72-93b9-5bbe-8da2-5611d12202e7,                0,    1, PAYMENT ,   9839.64,      170136.0,           0.0 , Medium      ,      0.5 ,      2048,          5, SUCCESS,        0.358607,             0.00365 ,                  0.059196,                0.004202,             0.018358,          0.036906,                    0.002839,        0.074483,         0.035594,     0.056194,             0.03256 ,  0.009003,            ,           , 
4c47fd72-93b9-5bbe-8da2-5611d12202e7,                0,    1, PAYMENT ,   9839.64,      170136.0,           0.0 , Medium      ,      0.5 ,      2048,          6, SUCCESS,        0.384046,             0.004827,                  0.075886,                0.004724,             0.019157,          0.037716,                    0.00307 ,        0.07897 ,         0.03812 ,     0.048824,             0.034966,  0.009489,            ,           , 
4c47fd72-93b9-5bbe-8da2-5611d12202e7,                0,    1, PAYMENT ,   9839.64,      170136.0,           0.0 , Medium      ,      0.5 ,      2048,          7, SUCCESS,        0.355375,             0.004439,                  0.061385,                0.00679 ,             0.018603,          0.035956,                    0.002868,        0.074528,         0.03512 ,     0.046373,             0.032534,  0.008812,            ,           , 
4c47fd72-93b9-5bbe-8da2-5611d12202e7,                0,    1, PAYMENT ,   9839.64,      170136.0,           0.0 , Medium      ,      0.5 ,      2048,          8, SUCCESS,        0.514405,             0.003711,                  0.102609,                0.005391,             0.059995,          0.092259,                    0.003925,        0.084517,         0.035325,     0.051473,             0.033806,  0.009498,            ,           , 
4c47fd72-93b9-5bbe-8da2-5611d12202e7,                0,    1, PAYMENT ,   9839.64,      170136.0,           0.0 , Medium      ,      0.5 ,      2048,          9, SUCCESS,        0.409569,             0.005607,                  0.09458 ,                0.004802,             0.020744,          0.038397,                    0.003392,        0.08006 ,         0.035823,     0.051277,             0.033594,  0.00915 ,            ,           , 
4c47fd72-93b9-5bbe-8da2-5611d12202e7,                0,    1, PAYMENT ,   9839.64,      170136.0,           0.0 , Medium      ,      0.5 ,      2048,         10, SUCCESS,        0.344119,             0.003743,                  0.059061,                0.004025,             0.018073,          0.035234,                    0.00286 ,        0.074835,         0.033908,     0.045848,             0.032232,  0.00884 ,            ,           , 
538a51c5-17e0-5514-b8f8-4932adef1d87,                2,    1, TRANSFER,    181.0 ,         181.0,           0.0 , High        ,      1.0 ,      4096,          1, SUCCESS,        0.327537,             0.003739,                  0.053373,                0.003531,             0.037725,          0.046443,                    0.002722,        0.053138,         0.029602,     0.04023 ,             0.025275,  0.007263,            ,           , 
538a51c5-17e0-5514-b8f8-4932adef1d87,                2,    1, TRANSFER,    181.0 ,         181.0,           0.0 , High        ,      1.0 ,      4096,          2, SUCCESS,        0.265212,             0.003104,                  0.044917,                0.003114,             0.013083,          0.026854,                    0.002006,        0.049144,         0.028328,     0.035984,             0.031514,  0.006234,            ,           , 
538a51c5-17e0-5514-b8f8-4932adef1d87,                2,    1, TRANSFER,    181.0 ,         181.0,           0.0 , High        ,      1.0 ,      4096,          3, SUCCESS,        0.255213,             0.00284 ,                  0.043768,                0.003202,             0.012873,          0.02775 ,                    0.002249,        0.050196,         0.027373,     0.034839,             0.023109,  0.006477,            ,           , 
538a51c5-17e0-5514-b8f8-4932adef1d87,                2,    1, TRANSFER,    181.0 ,         181.0,           0.0 , High        ,      1.0 ,      4096,          4, SUCCESS,        0.288048,             0.002994,                  0.05363 ,                0.003331,             0.012964,          0.028534,                    0.002191,        0.048705,         0.045743,     0.038662,             0.024735,  0.006575,            ,           , 
538a51c5-17e0-5514-b8f8-4932adef1d87,                2,    1, TRANSFER,    181.0 ,         181.0,           0.0 , High        ,      1.0 ,      4096,          5, SUCCESS,        0.256908,             0.003218,                  0.044752,                0.003275,             0.013209,          0.027656,                    0.002222,        0.04907 ,         0.027722,     0.03562 ,             0.02378 ,  0.006047,            ,           , 
538a51c5-17e0-5514-b8f8-4932adef1d87,                2,    1, TRANSFER,    181.0 ,         181.0,           0.0 , High        ,      1.0 ,      4096,          6, SUCCESS,        0.176265,             0.002116,                  0.033955,                0.002185,             0.009277,          0.018436,                    0.001418,        0.032483,         0.019278,     0.023788,             0.016388,  0.003927,            ,           , 
538a51c5-17e0-5514-b8f8-4932adef1d87,                2,    1, TRANSFER,    181.0 ,         181.0,           0.0 , High        ,      1.0 ,      4096,          7, SUCCESS,        0.181367,             0.00174 ,                  0.028743,                0.001993,             0.017667,          0.017838,                    0.001394,        0.040035,         0.017556,     0.022767,             0.015301,  0.004301,            ,           , 
538a51c5-17e0-5514-b8f8-4932adef1d87,                2,    1, TRANSFER,    181.0 ,         181.0,           0.0 , High        ,      1.0 ,      4096,          8, SUCCESS,        0.25226 ,             0.002951,                  0.078492,                0.004084,             0.016729,          0.022011,                    0.001831,        0.035431,         0.021443,     0.028109,             0.016833,  0.004838,            ,           , 
538a51c5-17e0-5514-b8f8-4932adef1d87,                2,    1, TRANSFER,    181.0 ,         181.0,           0.0 , High        ,      1.0 ,      4096,          9, SUCCESS,        0.17539 ,             0.002623,                  0.032816,                0.002116,             0.009114,          0.018624,                    0.001583,        0.032484,         0.018558,     0.023731,             0.015877,  0.00444 ,            ,           , 
538a51c5-17e0-5514-b8f8-4932adef1d87,                2,    1, TRANSFER,    181.0 ,         181.0,           0.0 , High        ,      1.0 ,      4096,         10, SUCCESS,        0.146487,             0.001849,                  0.025939,                0.00185 ,             0.007216,          0.015642,                    0.001236,        0.028126,         0.015605,     0.020506,             0.013942,  0.003496,            ,           , 
538a51c5-17e0-5514-b8f8-4932adef1d87,                2,    1, TRANSFER,    181.0 ,         181.0,           0.0 , Low         ,      0.25,      1024,          1, SUCCESS,        0.136624,             0.002147,                  0.023987,                0.001707,             0.006706,          0.014066,                    0.001647,        0.025922,         0.015116,     0.018268,             0.013554,  0.003441,            ,           , 
538a51c5-17e0-5514-b8f8-4932adef1d87,                2,    1, TRANSFER,    181.0 ,         181.0,           0.0 , Low         ,      0.25,      1024,          2, SUCCESS,        0.131728,             0.00199 ,                  0.023302,                0.001604,             0.006362,          0.013926,                    0.001408,        0.024133,         0.014529,     0.018026,             0.012708,  0.003323,            ,           , 
538a51c5-17e0-5514-b8f8-4932adef1d87,                2,    1, TRANSFER,    181.0 ,         181.0,           0.0 , Low         ,      0.25,      1024,          3, SUCCESS,        0.128258,             0.002386,                  0.021986,                0.001536,             0.00613 ,          0.013568,                    0.001274,        0.02426 ,         0.013456,     0.017063,             0.012233,  0.003448,            ,           , 
538a51c5-17e0-5514-b8f8-4932adef1d87,                2,    1, TRANSFER,    181.0 ,         181.0,           0.0 , Low         ,      0.25,      1024,          4, SUCCESS,        0.160444,             0.001561,                  0.023654,                0.001629,             0.006425,          0.014056,                    0.001243,        0.049931,         0.015244,     0.01964 ,             0.012838,  0.003417,            ,           , 
538a51c5-17e0-5514-b8f8-4932adef1d87,                2,    1, TRANSFER,    181.0 ,         181.0,           0.0 , Low         ,      0.25,      1024,          5, SUCCESS,        0.122232,             0.001353,                  0.022144,                0.001546,             0.006137,          0.01318 ,                    0.00106 ,        0.022671,         0.013152,     0.017028,             0.01165 ,  0.003087,            ,           , 
538a51c5-17e0-5514-b8f8-4932adef1d87,                2,    1, TRANSFER,    181.0 ,         181.0,           0.0 , Low         ,      0.25,      1024,          6, SUCCESS,        0.118979,             0.001367,                  0.021013,                0.001505,             0.006114,          0.012663,                    0.001074,        0.022079,         0.012902,     0.016648,             0.010975,  0.002933,            ,           , 
538a51c5-17e0-5514-b8f8-4932adef1d87,                2,    1, TRANSFER,    181.0 ,         181.0,           0.0 , Low         ,      0.25,      1024,          7, SUCCESS,        0.202677,             0.002493,                  0.025998,                0.001743,             0.006849,          0.022913,                    0.002377,        0.042304,         0.023451,     0.033249,             0.021381,  0.005886,            ,           , 
538a51c5-17e0-5514-b8f8-4932adef1d87,                2,    1, TRANSFER,    181.0 ,         181.0,           0.0 , Low         ,      0.25,      1024,          8, SUCCESS,        0.154528,             0.004301,                  0.02703 ,                0.00176 ,             0.007288,          0.018454,                    0.00327 ,        0.027051,         0.01503 ,     0.019362,             0.016115,  0.003376,            ,           , 
538a51c5-17e0-5514-b8f8-4932adef1d87,                2,    1, TRANSFER,    181.0 ,         181.0,           0.0 , Low         ,      0.25,      1024,          9, SUCCESS,        0.172029,             0.006048,                  0.026393,                0.003432,             0.006106,          0.015474,                    0.005467,        0.031274,         0.015263,     0.020757,             0.022892,  0.003025,            ,           , 
538a51c5-17e0-5514-b8f8-4932adef1d87,                2,    1, TRANSFER,    181.0 ,         181.0,           0.0 , Low         ,      0.25,      1024,         10, SUCCESS,        0.210457,             0.00248 ,                  0.039167,                0.002744,             0.011644,          0.021715,                    0.001767,        0.026739,         0.022174,     0.034689,             0.026249,  0.003829,            ,           , 
538a51c5-17e0-5514-b8f8-4932adef1d87,                2,    1, TRANSFER,    181.0 ,         181.0,           0.0 , Medium      ,      0.5 ,      2048,          1, SUCCESS,        0.36975 ,             0.004105,                  0.06083 ,                0.004401,             0.0189  ,          0.036819,                    0.003339,        0.081888,         0.042428,     0.04824 ,             0.033235,  0.009235,            ,           , 
538a51c5-17e0-5514-b8f8-4932adef1d87,                2,    1, TRANSFER,    181.0 ,         181.0,           0.0 , Medium      ,      0.5 ,      2048,          2, SUCCESS,        0.50129 ,             0.006395,                  0.083981,                0.005638,             0.023179,          0.052995,                    0.004651,        0.089679,         0.049566,     0.087407,             0.04763 ,  0.012201,            ,           , 
538a51c5-17e0-5514-b8f8-4932adef1d87,                2,    1, TRANSFER,    181.0 ,         181.0,           0.0 , Medium      ,      0.5 ,      2048,          3, SUCCESS,        0.687523,             0.008138,                  0.114724,                0.006781,             0.044656,          0.059643,                    0.005826,        0.128799,         0.058501,     0.093754,             0.053952,  0.06191 ,            ,           , 
538a51c5-17e0-5514-b8f8-4932adef1d87,                2,    1, TRANSFER,    181.0 ,         181.0,           0.0 , Medium      ,      0.5 ,      2048,          4, SUCCESS,        0.352339,             0.005137,                  0.064602,                0.004356,             0.018807,          0.03637 ,                    0.002883,        0.063045,         0.038417,     0.04848 ,             0.035551,  0.00895 ,            ,           , 
538a51c5-17e0-5514-b8f8-4932adef1d87,                2,    1, TRANSFER,    181.0 ,         181.0,           0.0 , Medium      ,      0.5 ,      2048,          5, SUCCESS,        0.348763,             0.004163,                  0.063237,                0.004425,             0.017723,          0.036337,                    0.003102,        0.063901,         0.037877,     0.047784,             0.035926,  0.008631,            ,           , 
538a51c5-17e0-5514-b8f8-4932adef1d87,                2,    1, TRANSFER,    181.0 ,         181.0,           0.0 , Medium      ,      0.5 ,      2048,          6, SUCCESS,        0.379838,             0.003988,                  0.062255,                0.004232,             0.018361,          0.036275,                    0.003094,        0.062698,         0.036789,     0.050439,             0.032523,  0.041103,            ,           , 
538a51c5-17e0-5514-b8f8-4932adef1d87,                2,    1, TRANSFER,    181.0 ,         181.0,           0.0 , Medium      ,      0.5 ,      2048,          7, SUCCESS,        0.355899,             0.004538,                  0.063581,                0.004252,             0.018459,          0.037894,                    0.003105,        0.066143,         0.038003,     0.047826,             0.035571,  0.00985 ,            ,           , 
538a51c5-17e0-5514-b8f8-4932adef1d87,                2,    1, TRANSFER,    181.0 ,         181.0,           0.0 , Medium      ,      0.5 ,      2048,          8, SUCCESS,        0.356066,             0.004828,                  0.067145,                0.004111,             0.018214,          0.036752,                    0.003295,        0.06455 ,         0.038773,     0.048146,             0.034633,  0.008938,            ,           , 
538a51c5-17e0-5514-b8f8-4932adef1d87,                2,    1, TRANSFER,    181.0 ,         181.0,           0.0 , Medium      ,      0.5 ,      2048,          9, SUCCESS,        0.44385 ,             0.004189,                  0.059292,                0.004281,             0.018169,          0.107669,                    0.004245,        0.078168,         0.039116,     0.053825,             0.036103,  0.008863,            ,           , 
538a51c5-17e0-5514-b8f8-4932adef1d87,                2,    1, TRANSFER,    181.0 ,         181.0,           0.0 , Medium      ,      0.5 ,      2048,         10, SUCCESS,        0.444528,             0.007025,                  0.097417,                0.005564,             0.0217  ,          0.043099,                    0.004552,        0.076849,         0.04566 ,     0.054923,             0.043776,  0.010005,            ,           , 
84b2de13-d56e-5802-bbea-6a9c126d197a,                9,    1, DEBIT   ,   5337.77,       41720.0,       41898.0 , High        ,      1.0 ,      4096,          1, SUCCESS,        0.172427,             0.00196 ,                  0.029821,                0.002009,             0.00866 ,          0.016954,                    0.001421,        0.03837 ,         0.017072,     0.022958,             0.016589,  0.004169,            ,           , 
84b2de13-d56e-5802-bbea-6a9c126d197a,                9,    1, DEBIT   ,   5337.77,       41720.0,       41898.0 , High        ,      1.0 ,      4096,          2, SUCCESS,        0.173287,             0.001945,                  0.030572,                0.002282,             0.00858 ,          0.018144,                    0.00137 ,        0.037637,         0.017344,     0.022637,             0.015767,  0.004156,            ,           , 
84b2de13-d56e-5802-bbea-6a9c126d197a,                9,    1, DEBIT   ,   5337.77,       41720.0,       41898.0 , High        ,      1.0 ,      4096,          3, SUCCESS,        0.166737,             0.001943,                  0.030802,                0.002049,             0.008233,          0.017107,                    0.001239,        0.036575,         0.015752,     0.022079,             0.014602,  0.003988,            ,           , 
84b2de13-d56e-5802-bbea-6a9c126d197a,                9,    1, DEBIT   ,   5337.77,       41720.0,       41898.0 , High        ,      1.0 ,      4096,          4, SUCCESS,        0.296913,             0.003336,                  0.046692,                0.004099,             0.013574,          0.027977,                    0.002324,        0.063438,         0.028027,     0.037146,             0.023526,  0.006585,            ,           , 
84b2de13-d56e-5802-bbea-6a9c126d197a,                9,    1, DEBIT   ,   5337.77,       41720.0,       41898.0 , High        ,      1.0 ,      4096,          5, SUCCESS,        0.21303 ,             0.002562,                  0.034842,                0.002288,             0.009233,          0.018714,                    0.001491,        0.040816,         0.019234,     0.036164,             0.028048,  0.004993,            ,           , 
84b2de13-d56e-5802-bbea-6a9c126d197a,                9,    1, DEBIT   ,   5337.77,       41720.0,       41898.0 , High        ,      1.0 ,      4096,          6, SUCCESS,        0.172312,             0.002547,                  0.029342,                0.002058,             0.008482,          0.017066,                    0.001406,        0.037533,         0.017951,     0.023005,             0.016252,  0.004219,            ,           , 
84b2de13-d56e-5802-bbea-6a9c126d197a,                9,    1, DEBIT   ,   5337.77,       41720.0,       41898.0 , High        ,      1.0 ,      4096,          7, SUCCESS,        0.17777 ,             0.00196 ,                  0.030033,                0.007859,             0.008624,          0.017168,                    0.00141 ,        0.037267,         0.018006,     0.022756,             0.015576,  0.004206,            ,           , 
84b2de13-d56e-5802-bbea-6a9c126d197a,                9,    1, DEBIT   ,   5337.77,       41720.0,       41898.0 , High        ,      1.0 ,      4096,          8, SUCCESS,        1.206658,             0.002197,                  0.031305,                0.003094,             0.014844,          0.66975 ,                    0.004907,        0.251244,         0.038424,     0.09839 ,             0.039812,  0.011191,            ,           , 
84b2de13-d56e-5802-bbea-6a9c126d197a,                9,    1, DEBIT   ,   5337.77,       41720.0,       41898.0 , High        ,      1.0 ,      4096,          9, SUCCESS,        0.376209,             0.006782,                  0.044573,                0.003297,             0.013008,          0.034684,                    0.008035,        0.084042,         0.044955,     0.043996,             0.064331,  0.0085  ,            ,           , 
84b2de13-d56e-5802-bbea-6a9c126d197a,                9,    1, DEBIT   ,   5337.77,       41720.0,       41898.0 , High        ,      1.0 ,      4096,         10, SUCCESS,        0.188899,             0.00302 ,                  0.033643,                0.002338,             0.008742,          0.01887 ,                    0.001774,        0.039952,         0.018839,     0.023473,             0.018013,  0.006114,            ,           , 
84b2de13-d56e-5802-bbea-6a9c126d197a,                9,    1, DEBIT   ,   5337.77,       41720.0,       41898.0 , Low         ,      0.25,      1024,          1, SUCCESS,        0.141463,             0.00215 ,                  0.0239  ,                0.00183 ,             0.006659,          0.013712,                    0.00133 ,        0.030986,         0.0141  ,     0.018782,             0.013944,  0.003699,            ,           , 
84b2de13-d56e-5802-bbea-6a9c126d197a,                9,    1, DEBIT   ,   5337.77,       41720.0,       41898.0 , Low         ,      0.25,      1024,          2, SUCCESS,        0.193546,             0.001645,                  0.022875,                0.001738,             0.006479,          0.013876,                    0.001836,        0.068034,         0.01969 ,     0.02778 ,             0.013489,  0.003752,            ,           , 
84b2de13-d56e-5802-bbea-6a9c126d197a,                9,    1, DEBIT   ,   5337.77,       41720.0,       41898.0 , Low         ,      0.25,      1024,          3, SUCCESS,        0.169234,             0.001522,                  0.021383,                0.001747,             0.007446,          0.021377,                    0.001917,        0.04986 ,         0.015007,     0.020332,             0.012524,  0.003846,            ,           , 
84b2de13-d56e-5802-bbea-6a9c126d197a,                9,    1, DEBIT   ,   5337.77,       41720.0,       41898.0 , Low         ,      0.25,      1024,          4, SUCCESS,        0.136812,             0.002085,                  0.028429,                0.001624,             0.006787,          0.01309 ,                    0.001216,        0.028961,         0.012997,     0.016966,             0.011538,  0.003221,            ,           , 
84b2de13-d56e-5802-bbea-6a9c126d197a,                9,    1, DEBIT   ,   5337.77,       41720.0,       41898.0 , Low         ,      0.25,      1024,          5, SUCCESS,        0.166272,             0.001529,                  0.023291,                0.002222,             0.008536,          0.041289,                    0.001206,        0.02962 ,         0.013376,     0.018297,             0.011635,  0.003461,            ,           , 
84b2de13-d56e-5802-bbea-6a9c126d197a,                9,    1, DEBIT   ,   5337.77,       41720.0,       41898.0 , Low         ,      0.25,      1024,          6, SUCCESS,        0.195073,             0.002104,                  0.030891,                0.002133,             0.008892,          0.023868,                    0.001666,        0.041068,         0.018459,     0.028101,             0.017707,  0.005707,            ,           , 
84b2de13-d56e-5802-bbea-6a9c126d197a,                9,    1, DEBIT   ,   5337.77,       41720.0,       41898.0 , Low         ,      0.25,      1024,          7, SUCCESS,       75.217634,             0.002431,                  0.025548,                0.007092,             0.007202,         74.777769,                    0.007765,        0.118166,         0.052135,     0.109445,             0.046009,  0.014393,            ,           , 
84b2de13-d56e-5802-bbea-6a9c126d197a,                9,    1, DEBIT   ,   5337.77,       41720.0,       41898.0 , Low         ,      0.25,      1024,          8, SUCCESS,        0.516618,             0.005439,                  0.071085,                0.004743,             0.019994,          0.039407,                    0.003539,        0.082711,         0.038858,     0.052196,             0.152528,  0.014032,            ,           , 
84b2de13-d56e-5802-bbea-6a9c126d197a,                9,    1, DEBIT   ,   5337.77,       41720.0,       41898.0 , Low         ,      0.25,      1024,          9, SUCCESS,        0.379084,             0.004651,                  0.066184,                0.004805,             0.019868,          0.039607,                    0.003215,        0.080422,         0.038034,     0.050618,             0.034197,  0.009779,            ,           , 
84b2de13-d56e-5802-bbea-6a9c126d197a,                9,    1, DEBIT   ,   5337.77,       41720.0,       41898.0 , Low         ,      0.25,      1024,         10, SUCCESS,        0.3505  ,             0.003286,                  0.050743,                0.003516,             0.014573,          0.029212,                    0.002366,        0.101118,         0.042837,     0.044296,             0.027173,  0.008003,            ,           , 
84b2de13-d56e-5802-bbea-6a9c126d197a,                9,    1, DEBIT   ,   5337.77,       41720.0,       41898.0 , Medium      ,      0.5 ,      2048,          1, SUCCESS,        0.331729,             0.003843,                  0.057012,                0.004051,             0.017044,          0.03363 ,                    0.002818,        0.073383,         0.033504,     0.044074,             0.029987,  0.00817 ,            ,           , 
84b2de13-d56e-5802-bbea-6a9c126d197a,                9,    1, DEBIT   ,   5337.77,       41720.0,       41898.0 , Medium      ,      0.5 ,      2048,          2, SUCCESS,        1.035705,             0.01611 ,                  0.166993,                0.005626,             0.023204,          0.043958,                    0.00435 ,        0.11838 ,         0.230515,     0.259254,             0.083303,  0.014241,            ,           , 
84b2de13-d56e-5802-bbea-6a9c126d197a,                9,    1, DEBIT   ,   5337.77,       41720.0,       41898.0 , Medium      ,      0.5 ,      2048,          3, SUCCESS,        0.393769,             0.006941,                  0.0698  ,                0.004347,             0.018688,          0.039329,                    0.003232,        0.080776,         0.040038,     0.048853,             0.043597,  0.008818,            ,           , 
84b2de13-d56e-5802-bbea-6a9c126d197a,                9,    1, DEBIT   ,   5337.77,       41720.0,       41898.0 , Medium      ,      0.5 ,      2048,          4, SUCCESS,        0.378863,             0.004689,                  0.068449,                0.004009,             0.01779 ,          0.035782,                    0.003372,        0.077887,         0.052574,     0.045484,             0.034624,  0.00892 ,            ,           , 
84b2de13-d56e-5802-bbea-6a9c126d197a,                9,    1, DEBIT   ,   5337.77,       41720.0,       41898.0 , Medium      ,      0.5 ,      2048,          5, SUCCESS,        0.332458,             0.003724,                  0.056949,                0.003946,             0.016844,          0.033889,                    0.003161,        0.072799,         0.034289,     0.043627,             0.030438,  0.008505,            ,           , 
84b2de13-d56e-5802-bbea-6a9c126d197a,                9,    1, DEBIT   ,   5337.77,       41720.0,       41898.0 , Medium      ,      0.5 ,      2048,          6, SUCCESS,        0.389955,             0.003376,                  0.053179,                0.003745,             0.016282,          0.032951,                    0.002795,        0.130133,         0.035081,     0.047473,             0.0302  ,  0.008929,            ,           , 
84b2de13-d56e-5802-bbea-6a9c126d197a,                9,    1, DEBIT   ,   5337.77,       41720.0,       41898.0 , Medium      ,      0.5 ,      2048,          7, SUCCESS,        0.337231,             0.00412 ,                  0.057342,                0.013403,             0.017736,          0.032836,                    0.00265 ,        0.072661,         0.033198,     0.043417,             0.028407,  0.007862,            ,           , 
84b2de13-d56e-5802-bbea-6a9c126d197a,                9,    1, DEBIT   ,   5337.77,       41720.0,       41898.0 , Medium      ,      0.5 ,      2048,          8, SUCCESS,        0.436505,             0.007404,                  0.076938,                0.004923,             0.021853,          0.042182,                    0.004053,        0.091268,         0.046409,     0.054734,             0.041777,  0.010907,            ,           , 
84b2de13-d56e-5802-bbea-6a9c126d197a,                9,    1, DEBIT   ,   5337.77,       41720.0,       41898.0 , Medium      ,      0.5 ,      2048,          9, SUCCESS,        0.382396,             0.004641,                  0.067005,                0.00475 ,             0.019692,          0.04009 ,                    0.003568,        0.082351,         0.03824 ,     0.050469,             0.034626,  0.009375,            ,           , 
84b2de13-d56e-5802-bbea-6a9c126d197a,                9,    1, DEBIT   ,   5337.77,       41720.0,       41898.0 , Medium      ,      0.5 ,      2048,         10, SUCCESS,        0.379911,             0.004514,                  0.064704,                0.004344,             0.019417,          0.038492,                    0.003216,        0.082444,         0.043205,     0.049496,             0.03309 ,  0.009161,            ,           , 
84bc550d-9bc7-5b80-81d3-906a3d089c2c,                3,    1, CASH_OUT,    181.0 ,         181.0,       21182.0 , High        ,      1.0 ,      4096,          1, SUCCESS,        0.172222,             0.001806,                  0.029445,                0.002126,             0.00856 ,          0.018181,                    0.001428,        0.037372,         0.016986,     0.023528,             0.015587,  0.004213,            ,           , 
84bc550d-9bc7-5b80-81d3-906a3d089c2c,                3,    1, CASH_OUT,    181.0 ,         181.0,       21182.0 , High        ,      1.0 ,      4096,          2, SUCCESS,        0.234118,             0.002227,                  0.030962,                0.00215 ,             0.008937,          0.017971,                    0.001444,        0.038661,         0.017364,     0.023269,             0.069971,  0.006342,            ,           , 
84bc550d-9bc7-5b80-81d3-906a3d089c2c,                3,    1, CASH_OUT,    181.0 ,         181.0,       21182.0 , High        ,      1.0 ,      4096,          3, SUCCESS,        0.16943 ,             0.001811,                  0.030003,                0.002098,             0.008763,          0.017703,                    0.001453,        0.036952,         0.016681,     0.02253 ,             0.014729,  0.004279,            ,           , 
84bc550d-9bc7-5b80-81d3-906a3d089c2c,                3,    1, CASH_OUT,    181.0 ,         181.0,       21182.0 , High        ,      1.0 ,      4096,          4, SUCCESS,        0.163257,             0.001685,                  0.028479,                0.001836,             0.008441,          0.017136,                    0.001337,        0.035494,         0.015919,     0.022341,             0.014534,  0.00405 ,            ,           , 
84bc550d-9bc7-5b80-81d3-906a3d089c2c,                3,    1, CASH_OUT,    181.0 ,         181.0,       21182.0 , High        ,      1.0 ,      4096,          5, SUCCESS,        0.203697,             0.001979,                  0.029669,                0.00201 ,             0.008873,          0.018442,                    0.00147 ,        0.037773,         0.0376  ,     0.028749,             0.016963,  0.004459,            ,           , 
84bc550d-9bc7-5b80-81d3-906a3d089c2c,                3,    1, CASH_OUT,    181.0 ,         181.0,       21182.0 , High        ,      1.0 ,      4096,          6, SUCCESS,        0.1765  ,             0.001826,                  0.029141,                0.002023,             0.008377,          0.017038,                    0.001426,        0.037221,         0.01686 ,     0.031422,             0.01468 ,  0.004006,            ,           , 
84bc550d-9bc7-5b80-81d3-906a3d089c2c,                3,    1, CASH_OUT,    181.0 ,         181.0,       21182.0 , High        ,      1.0 ,      4096,          7, SUCCESS,        0.166462,             0.001722,                  0.028899,                0.002033,             0.00824 ,          0.01701 ,                    0.001268,        0.037063,         0.016372,     0.022384,             0.01434 ,  0.004299,            ,           , 
84bc550d-9bc7-5b80-81d3-906a3d089c2c,                3,    1, CASH_OUT,    181.0 ,         181.0,       21182.0 , High        ,      1.0 ,      4096,          8, SUCCESS,        0.171833,             0.001762,                  0.028986,                0.001927,             0.010008,          0.016546,                    0.001329,        0.041912,         0.016135,     0.021884,             0.014563,  0.004123,            ,           , 
84bc550d-9bc7-5b80-81d3-906a3d089c2c,                3,    1, CASH_OUT,    181.0 ,         181.0,       21182.0 , High        ,      1.0 ,      4096,          9, SUCCESS,        0.162064,             0.001644,                  0.027763,                0.001957,             0.007691,          0.016502,                    0.001298,        0.038949,         0.014992,     0.021459,             0.013959,  0.004007,            ,           , 
84bc550d-9bc7-5b80-81d3-906a3d089c2c,                3,    1, CASH_OUT,    181.0 ,         181.0,       21182.0 , High        ,      1.0 ,      4096,         10, SUCCESS,        0.16003 ,             0.001674,                  0.027639,                0.002057,             0.007839,          0.016924,                    0.001405,        0.034765,         0.015967,     0.021221,             0.014295,  0.004061,            ,           , 
84bc550d-9bc7-5b80-81d3-906a3d089c2c,                3,    1, CASH_OUT,    181.0 ,         181.0,       21182.0 , Low         ,      0.25,      1024,          1, SUCCESS,        0.119557,             0.001482,                  0.020358,                0.001501,             0.005693,          0.011833,                    0.001127,        0.026797,         0.012248,     0.015846,             0.010941,  0.002946,            ,           , 
84bc550d-9bc7-5b80-81d3-906a3d089c2c,                3,    1, CASH_OUT,    181.0 ,         181.0,       21182.0 , Low         ,      0.25,      1024,          2, SUCCESS,        0.113292,             0.001299,                  0.019134,                0.001482,             0.005459,          0.011226,                    0.000962,        0.025406,         0.011368,     0.015013,             0.01054 ,  0.00308 ,            ,           , 
84bc550d-9bc7-5b80-81d3-906a3d089c2c,                3,    1, CASH_OUT,    181.0 ,         181.0,       21182.0 , Low         ,      0.25,      1024,          3, SUCCESS,        0.118157,             0.001374,                  0.020447,                0.0014  ,             0.005869,          0.011634,                    0.001203,        0.025805,         0.012147,     0.015926,             0.010619,  0.002934,            ,           , 
84bc550d-9bc7-5b80-81d3-906a3d089c2c,                3,    1, CASH_OUT,    181.0 ,         181.0,       21182.0 , Low         ,      0.25,      1024,          4, SUCCESS,        0.114458,             0.001317,                  0.019793,                0.001334,             0.005929,          0.011699,                    0.000979,        0.024892,         0.011598,     0.015403,             0.010206,  0.002889,            ,           , 
84bc550d-9bc7-5b80-81d3-906a3d089c2c,                3,    1, CASH_OUT,    181.0 ,         181.0,       21182.0 , Low         ,      0.25,      1024,          5, SUCCESS,        0.112942,             0.001462,                  0.019312,                0.00131 ,             0.005492,          0.011798,                    0.000961,        0.024671,         0.010885,     0.015116,             0.01073 ,  0.00288 ,            ,           , 
84bc550d-9bc7-5b80-81d3-906a3d089c2c,                3,    1, CASH_OUT,    181.0 ,         181.0,       21182.0 , Low         ,      0.25,      1024,          6, SUCCESS,        0.129856,             0.001228,                  0.024525,                0.001534,             0.006231,          0.013096,                    0.001082,        0.028428,         0.012903,     0.016945,             0.01164 ,  0.003217,            ,           , 
84bc550d-9bc7-5b80-81d3-906a3d089c2c,                3,    1, CASH_OUT,    181.0 ,         181.0,       21182.0 , Low         ,      0.25,      1024,          7, SUCCESS,        0.111433,             0.001319,                  0.018795,                0.001314,             0.005561,          0.011663,                    0.000892,        0.024445,         0.01121 ,     0.015062,             0.009994,  0.002911,            ,           , 
84bc550d-9bc7-5b80-81d3-906a3d089c2c,                3,    1, CASH_OUT,    181.0 ,         181.0,       21182.0 , Low         ,      0.25,      1024,          8, SUCCESS,        0.132269,             0.00145 ,                  0.022427,                0.001465,             0.006362,          0.013186,                    0.00107 ,        0.035727,         0.011981,     0.015968,             0.010707,  0.003036,            ,           , 
84bc550d-9bc7-5b80-81d3-906a3d089c2c,                3,    1, CASH_OUT,    181.0 ,         181.0,       21182.0 , Low         ,      0.25,      1024,          9, SUCCESS,        0.115703,             0.001231,                  0.018614,                0.001358,             0.005458,          0.011572,                    0.000908,        0.024409,         0.01118 ,     0.015166,             0.011878,  0.005712,            ,           , 
84bc550d-9bc7-5b80-81d3-906a3d089c2c,                3,    1, CASH_OUT,    181.0 ,         181.0,       21182.0 , Low         ,      0.25,      1024,         10, SUCCESS,        0.109362,             0.001239,                  0.018596,                0.001332,             0.005472,          0.011243,                    0.001062,        0.023709,         0.011196,     0.014694,             0.00974 ,  0.002852,            ,           , 
84bc550d-9bc7-5b80-81d3-906a3d089c2c,                3,    1, CASH_OUT,    181.0 ,         181.0,       21182.0 , Medium      ,      0.5 ,      2048,          1, SUCCESS,        0.324109,             0.003609,                  0.054747,                0.003712,             0.01634 ,          0.033149,                    0.002581,        0.071068,         0.031569,     0.043488,             0.030678,  0.008115,            ,           , 
84bc550d-9bc7-5b80-81d3-906a3d089c2c,                3,    1, CASH_OUT,    181.0 ,         181.0,       21182.0 , Medium      ,      0.5 ,      2048,          2, SUCCESS,        0.434326,             0.003289,                  0.081853,                0.004343,             0.016772,          0.033544,                    0.002967,        0.072025,         0.101739,     0.048652,             0.031908,  0.009611,            ,           , 
84bc550d-9bc7-5b80-81d3-906a3d089c2c,                3,    1, CASH_OUT,    181.0 ,         181.0,       21182.0 , Medium      ,      0.5 ,      2048,          3, SUCCESS,        0.320879,             0.003467,                  0.055445,                0.00379 ,             0.016503,          0.033285,                    0.003025,        0.070689,         0.032501,     0.042064,             0.02906 ,  0.00823 ,            ,           , 
84bc550d-9bc7-5b80-81d3-906a3d089c2c,                3,    1, CASH_OUT,    181.0 ,         181.0,       21182.0 , Medium      ,      0.5 ,      2048,          4, SUCCESS,        0.311229,             0.003384,                  0.054289,                0.003538,             0.016076,          0.032341,                    0.002535,        0.068134,         0.029777,     0.042315,             0.027274,  0.00805 ,            ,           , 
84bc550d-9bc7-5b80-81d3-906a3d089c2c,                3,    1, CASH_OUT,    181.0 ,         181.0,       21182.0 , Medium      ,      0.5 ,      2048,          5, SUCCESS,        0.334702,             0.003984,                  0.058492,                0.003795,             0.016582,          0.034891,                    0.002998,        0.073418,         0.033037,     0.043421,             0.030349,  0.008417,            ,           , 
84bc550d-9bc7-5b80-81d3-906a3d089c2c,                3,    1, CASH_OUT,    181.0 ,         181.0,       21182.0 , Medium      ,      0.5 ,      2048,          6, SUCCESS,        0.301756,             0.003429,                  0.052773,                0.003706,             0.015685,          0.031277,                    0.002647,        0.06647 ,         0.029189,     0.039022,             0.027677,  0.00739 ,            ,           , 
84bc550d-9bc7-5b80-81d3-906a3d089c2c,                3,    1, CASH_OUT,    181.0 ,         181.0,       21182.0 , Medium      ,      0.5 ,      2048,          7, SUCCESS,        0.307989,             0.003422,                  0.053069,                0.003774,             0.015873,          0.032195,                    0.002773,        0.067939,         0.03021 ,     0.04051 ,             0.027387,  0.007898,            ,           , 
84bc550d-9bc7-5b80-81d3-906a3d089c2c,                3,    1, CASH_OUT,    181.0 ,         181.0,       21182.0 , Medium      ,      0.5 ,      2048,          8, SUCCESS,        0.605258,             0.007746,                  0.118139,                0.007372,             0.028965,          0.062643,                    0.004997,        0.142797,         0.054249,     0.070518,             0.048474,  0.013349,            ,           , 
84bc550d-9bc7-5b80-81d3-906a3d089c2c,                3,    1, CASH_OUT,    181.0 ,         181.0,       21182.0 , Medium      ,      0.5 ,      2048,          9, SUCCESS,        0.620404,             0.00662 ,                  0.09504 ,                0.00539 ,             0.025688,          0.057459,                    0.004855,        0.193785,         0.052757,     0.073058,             0.050402,  0.013209,            ,           , 
84bc550d-9bc7-5b80-81d3-906a3d089c2c,                3,    1, CASH_OUT,    181.0 ,         181.0,       21182.0 , Medium      ,      0.5 ,      2048,         10, SUCCESS,        0.480563,             0.00514 ,                  0.078646,                0.005277,             0.021363,          0.047644,                    0.004576,        0.106232,         0.050114,     0.067031,             0.044524,  0.012234,            ,           , 
94dc0552-c337-5087-9d12-6ab55c270d00,              389,    1, CASH_IN , 143236.26,           0.0,      608932.17, High        ,      1.0 ,      4096,          1, SUCCESS,        1.944734,             0.005393,                  0.064672,                0.002893,             0.011063,          0.029253,                    1.051785,        0.469219,         0.041798,     0.133756,             0.062051,  0.012869,            ,           , 
94dc0552-c337-5087-9d12-6ab55c270d00,              389,    1, CASH_IN , 143236.26,           0.0,      608932.17, High        ,      1.0 ,      4096,          2, SUCCESS,        1.279613,             0.02343 ,                  0.074737,                0.003765,             0.015856,          0.031899,                    0.829807,        0.136044,         0.023939,     0.061434,             0.034162,  0.009307,            ,           , 
94dc0552-c337-5087-9d12-6ab55c270d00,              389,    1, CASH_IN , 143236.26,           0.0,      608932.17, High        ,      1.0 ,      4096,          3, SUCCESS,        0.55729 ,             0.003893,                  0.032088,                0.002373,             0.008755,          0.017643,                    0.384341,        0.040198,         0.012415,     0.02042 ,             0.017025,  0.004263,            ,           , 
94dc0552-c337-5087-9d12-6ab55c270d00,              389,    1, CASH_IN , 143236.26,           0.0,      608932.17, High        ,      1.0 ,      4096,          4, SUCCESS,        0.562994,             0.002269,                  0.027289,                0.001905,             0.007386,          0.015621,                    0.380571,        0.066232,         0.00963 ,     0.020501,             0.013905,  0.004467,            ,           , 
94dc0552-c337-5087-9d12-6ab55c270d00,              389,    1, CASH_IN , 143236.26,           0.0,      608932.17, High        ,      1.0 ,      4096,          5, SUCCESS,        0.489644,             0.002112,                  0.025061,                0.001832,             0.007208,          0.014927,                    0.349856,        0.033383,         0.008904,     0.017835,             0.013258,  0.003832,            ,           , 
94dc0552-c337-5087-9d12-6ab55c270d00,              389,    1, CASH_IN , 143236.26,           0.0,      608932.17, High        ,      1.0 ,      4096,          6, SUCCESS,        0.53661 ,             0.003101,                  0.028104,                0.001921,             0.007223,          0.015842,                    0.372798,        0.045728,         0.009989,     0.020769,             0.013506,  0.004085,            ,           , 
94dc0552-c337-5087-9d12-6ab55c270d00,              389,    1, CASH_IN , 143236.26,           0.0,      608932.17, High        ,      1.0 ,      4096,          7, SUCCESS,        0.487392,             0.001775,                  0.025125,                0.001798,             0.007325,          0.015151,                    0.349742,        0.03278 ,         0.009008,     0.017192,             0.012899,  0.003587,            ,           , 
94dc0552-c337-5087-9d12-6ab55c270d00,              389,    1, CASH_IN , 143236.26,           0.0,      608932.17, High        ,      1.0 ,      4096,          8, SUCCESS,        0.54909 ,             0.001591,                  0.023925,                0.001623,             0.006982,          0.013948,                    0.387732,        0.040962,         0.009036,     0.034425,             0.013159,  0.003982,            ,           , 
94dc0552-c337-5087-9d12-6ab55c270d00,              389,    1, CASH_IN , 143236.26,           0.0,      608932.17, High        ,      1.0 ,      4096,          9, SUCCESS,        0.551158,             0.001669,                  0.025171,                0.00173 ,             0.007204,          0.014469,                    0.409455,        0.036575,         0.00909 ,     0.018158,             0.012797,  0.003714,            ,           , 
94dc0552-c337-5087-9d12-6ab55c270d00,              389,    1, CASH_IN , 143236.26,           0.0,      608932.17, High        ,      1.0 ,      4096,         10, SUCCESS,        0.810436,             0.00174 ,                  0.024041,                0.001772,             0.007227,          0.01457 ,                    0.576493,        0.076141,         0.032236,     0.034368,             0.019159,  0.006046,            ,           , 
94dc0552-c337-5087-9d12-6ab55c270d00,              389,    1, CASH_IN , 143236.26,           0.0,      608932.17, Low         ,      0.25,      1024,          1, SUCCESS,       75.077248,             0.002002,                  0.023208,                0.001598,             0.006538,          0.012922,                   74.818312,        0.110144,         0.01276 ,     0.044051,             0.017922,  0.006351,            ,           , 
94dc0552-c337-5087-9d12-6ab55c270d00,              389,    1, CASH_IN , 143236.26,           0.0,      608932.17, Low         ,      0.25,      1024,          2, SUCCESS,        1.109444,             0.004894,                  0.049732,                0.002946,             0.011921,          0.022745,                    0.773488,        0.100854,         0.02389 ,     0.053586,             0.031117,  0.009108,            ,           , 
94dc0552-c337-5087-9d12-6ab55c270d00,              389,    1, CASH_IN , 143236.26,           0.0,      608932.17, Low         ,      0.25,      1024,          3, SUCCESS,        0.872442,             0.00459 ,                  0.042328,                0.003072,             0.01197 ,          0.023433,                    0.659382,        0.051484,         0.013008,     0.023877,             0.016768,  0.005007,            ,           , 
94dc0552-c337-5087-9d12-6ab55c270d00,              389,    1, CASH_IN , 143236.26,           0.0,      608932.17, Low         ,      0.25,      1024,          4, SUCCESS,        0.725353,             0.003118,                  0.03406 ,                0.002344,             0.009373,          0.019002,                    0.500487,        0.070036,         0.019286,     0.026678,             0.017866,  0.005483,            ,           , 
94dc0552-c337-5087-9d12-6ab55c270d00,              389,    1, CASH_IN , 143236.26,           0.0,      608932.17, Low         ,      0.25,      1024,          5, SUCCESS,        0.577865,             0.002851,                  0.030063,                0.00211 ,             0.008638,          0.016755,                    0.431812,        0.03451 ,         0.008153,     0.016297,             0.010755,  0.003245,            ,           , 
94dc0552-c337-5087-9d12-6ab55c270d00,              389,    1, CASH_IN , 143236.26,           0.0,      608932.17, Low         ,      0.25,      1024,          6, SUCCESS,        0.482185,             0.0028  ,                  0.022775,                0.001585,             0.006371,          0.012784,                    0.343315,        0.040893,         0.008839,     0.016876,             0.011158,  0.003324,            ,           , 
94dc0552-c337-5087-9d12-6ab55c270d00,              389,    1, CASH_IN , 143236.26,           0.0,      608932.17, Low         ,      0.25,      1024,          7, SUCCESS,        0.465771,             0.00146 ,                  0.020201,                0.001434,             0.005545,          0.01202 ,                    0.329016,        0.026579,         0.026666,     0.017525,             0.011847,  0.003356,            ,           , 
94dc0552-c337-5087-9d12-6ab55c270d00,              389,    1, CASH_IN , 143236.26,           0.0,      608932.17, Low         ,      0.25,      1024,          8, SUCCESS,        0.44482 ,             0.00142 ,                  0.019489,                0.001406,             0.005704,          0.011547,                    0.333339,        0.027471,         0.007494,     0.014256,             0.010449,  0.003018,            ,           , 
94dc0552-c337-5087-9d12-6ab55c270d00,              389,    1, CASH_IN , 143236.26,           0.0,      608932.17, Low         ,      0.25,      1024,          9, SUCCESS,        0.429786,             0.001299,                  0.018912,                0.001373,             0.005525,          0.010957,                    0.323555,        0.025179,         0.007182,     0.013501,             0.010771,  0.002923,            ,           , 
94dc0552-c337-5087-9d12-6ab55c270d00,              389,    1, CASH_IN , 143236.26,           0.0,      608932.17, Low         ,      0.25,      1024,         10, SUCCESS,        0.433416,             0.001439,                  0.0195  ,                0.001448,             0.005723,          0.011663,                    0.32419 ,        0.026179,         0.007507,     0.013674,             0.010385,  0.002917,            ,           , 
94dc0552-c337-5087-9d12-6ab55c270d00,              389,    1, CASH_IN , 143236.26,           0.0,      608932.17, Medium      ,      0.5 ,      2048,          1, SUCCESS,        1.819772,             0.006513,                  0.080228,                0.005177,             0.020548,          0.045954,                    1.366378,        0.126404,         0.026437,     0.057526,             0.03696 ,  0.011388,            ,           , 
94dc0552-c337-5087-9d12-6ab55c270d00,              389,    1, CASH_IN , 143236.26,           0.0,      608932.17, Medium      ,      0.5 ,      2048,          2, SUCCESS,        1.719381,             0.005579,                  0.080045,                0.005069,             0.018921,          0.092112,                    1.209906,        0.128114,         0.029612,     0.062274,             0.037599,  0.010349,            ,           , 
94dc0552-c337-5087-9d12-6ab55c270d00,              389,    1, CASH_IN , 143236.26,           0.0,      608932.17, Medium      ,      0.5 ,      2048,          3, SUCCESS,        2.421729,             0.009191,                  0.104796,                0.008155,             0.029402,          0.061683,                    1.827915,        0.151753,         0.036607,     0.077977,             0.050403,  0.015284,            ,           , 
94dc0552-c337-5087-9d12-6ab55c270d00,              389,    1, CASH_IN , 143236.26,           0.0,      608932.17, Medium      ,      0.5 ,      2048,          4, SUCCESS,        1.42808 ,             0.008929,                  0.100295,                0.00597 ,             0.03602 ,          0.042345,                    0.919474,        0.137091,         0.02838 ,     0.051103,             0.046509,  0.012773,            ,           , 
94dc0552-c337-5087-9d12-6ab55c270d00,              389,    1, CASH_IN , 143236.26,           0.0,      608932.17, Medium      ,      0.5 ,      2048,          5, SUCCESS,        2.276795,             0.014885,                  0.103726,                0.005803,             0.02065 ,          0.040902,                    1.344347,        0.246996,         0.042512,     0.283756,             0.090427,  0.019262,            ,           , 
94dc0552-c337-5087-9d12-6ab55c270d00,              389,    1, CASH_IN , 143236.26,           0.0,      608932.17, Medium      ,      0.5 ,      2048,          6, SUCCESS,        1.675435,             0.014997,                  0.120679,                0.007822,             0.028652,          0.060353,                    1.117792,        0.139836,         0.024823,     0.062109,             0.037624,  0.011223,            ,           , 
94dc0552-c337-5087-9d12-6ab55c270d00,              389,    1, CASH_IN , 143236.26,           0.0,      608932.17, Medium      ,      0.5 ,      2048,          7, SUCCESS,        1.260359,             0.005149,                  0.061471,                0.004271,             0.05447 ,          0.058262,                    0.812861,        0.086844,         0.023199,     0.042956,             0.064496,  0.012058,            ,           , 
94dc0552-c337-5087-9d12-6ab55c270d00,              389,    1, CASH_IN , 143236.26,           0.0,      608932.17, Medium      ,      0.5 ,      2048,          8, SUCCESS,       35.863522,             0.003767,                  0.056711,                0.004018,             0.01717 ,          0.033198,                   35.326662,        0.20912 ,         0.028582,     0.085985,             0.044355,  0.014259,            ,           , 
94dc0552-c337-5087-9d12-6ab55c270d00,              389,    1, CASH_IN , 143236.26,           0.0,      608932.17, Medium      ,      0.5 ,      2048,          9, SUCCESS,        1.291375,             0.006515,                  0.069408,                0.004378,             0.019361,          0.036794,                    0.90309 ,        0.105636,         0.024298,     0.047277,             0.034532,  0.009416,            ,           , 
94dc0552-c337-5087-9d12-6ab55c270d00,              389,    1, CASH_IN , 143236.26,           0.0,      608932.17, Medium      ,      0.5 ,      2048,         10, SUCCESS,        1.311417,             0.005349,                  0.061927,                0.004474,             0.018742,          0.036684,                    0.923504,        0.109785,         0.024196,     0.04824 ,             0.036594,  0.009919,            ,           , 
